id,journal,nid_journal,ffecha_journal,nid_surtidor,nlado_surtidor,nid_producto,nposicion_manguera,dprecio_journal,dvolumen_journal,dmonto_journal,dcontometrogalon_journal,dcontometromoneda_journal,ffechacontable_journal,turno,nturno_journal,nestadodesp,nestadocont,ntransactionid_journal,ntranfinished_journal,created_at,updated_at
21421,,7142,2018-11-19 04:42:05 -0500,1,1,5,1,12.49,8.006,100.0,1050948.25,1102608.94,2018-11-20 14:11:54 -0500,3,923,1,1,76.0,0.0,2018-11-26 17:53:08 -0500,2018-11-26 17:53:08 -0500
21422,,7143,2018-11-19 04:44:15 -0500,7,7,7,1,1.59,0.628,10.0,1026882.8,0.0,2018-11-20 14:11:54 -0500,3,923,1,1,12.0,0.0,2018-11-26 17:53:08 -0500,2018-11-26 17:53:08 -0500
21423,,7144,2018-11-19 04:45:51 -0500,1,1,2,2,12.85,0.778,10.0,282492.72,328648.63,2018-11-20 14:11:54 -0500,3,923,1,1,77.0,0.0,2018-11-26 17:53:08 -0500,2018-11-26 17:53:08 -0500
21424,,7145,2018-11-19 05:09:13 -0500,7,7,7,1,1.59,0.314,5.0,1026885.94,0.0,2018-11-20 14:11:54 -0500,3,923,1,1,13.0,0.0,2018-11-26 17:53:08 -0500,2018-11-26 17:53:08 -0500
21425,,7146,2018-11-19 05:17:19 -0500,7,7,7,1,1.59,1.257,20.0,1026898.51,0.0,2018-11-20 14:11:54 -0500,3,923,1,1,14.0,0.0,2018-11-26 17:53:08 -0500,2018-11-26 17:53:08 -0500
21426,,7147,2018-11-19 05:23:48 -0500,1,1,2,2,12.85,0.653,8.39,282499.25,328657.02,2018-11-20 14:11:54 -0500,3,923,1,1,78.0,0.0,2018-11-26 17:53:08 -0500,2018-11-26 17:53:08 -0500
21427,,7148,2018-11-19 05:27:30 -0500,2,2,2,2,12.85,0.623,8.0,348930.48,404542.64,2018-11-20 14:11:54 -0500,3,923,1,1,42.0,0.0,2018-11-26 17:53:08 -0500,2018-11-26 17:53:08 -0500
21428,,7149,2018-11-19 05:32:45 -0500,6,6,1,2,11.84,1.267,15.0,313067.41,377186.17,2018-11-20 14:11:54 -0500,3,923,1,1,12.0,0.0,2018-11-26 17:53:08 -0500,2018-11-26 17:53:08 -0500
21429,,7150,2018-11-19 05:35:17 -0500,3,3,3,3,14.85,2.02,30.0,85018.56,102149.24,2018-11-20 14:11:54 -0500,3,923,1,1,54.0,0.0,2018-11-26 17:53:08 -0500,2018-11-26 17:53:08 -0500
21430,,7151,2018-11-19 05:46:27 -0500,7,7,7,1,1.59,3.139,50.0,1026929.9,0.0,2018-11-20 14:11:54 -0500,3,923,1,1,15.0,0.0,2018-11-26 17:53:08 -0500,2018-11-26 17:53:08 -0500
21431,,7152,2018-11-19 05:51:48 -0500,3,3,2,2,12.85,1.167,15.0,77741.09,86241.4,2018-11-20 14:11:54 -0500,3,923,1,1,55.0,0.0,2018-11-26 17:53:08 -0500,2018-11-26 17:53:08 -0500
21432,,7153,2018-11-19 05:54:43 -0500,4,4,2,2,12.85,0.233,3.0,77502.46,84519.16,2018-11-20 14:11:54 -0500,3,923,1,1,35.0,0.0,2018-11-26 17:53:08 -0500,2018-11-26 17:53:08 -0500
21433,,7154,2018-11-19 06:00:25 -0500,3,3,5,1,12.49,1.601,20.0,309755.53,299992.9,2018-11-20 14:11:54 -0500,1,923,1,1,56.0,0.0,2018-11-26 17:53:08 -0500,2018-11-26 17:53:08 -0500
21434,,7155,2018-11-19 06:02:16 -0500,3,3,2,2,12.85,1.395,17.93,77755.04,86259.33,2018-11-20 14:11:54 -0500,1,923,1,1,57.0,0.0,2018-11-26 17:53:08 -0500,2018-11-26 17:53:08 -0500
21435,,7156,2018-11-19 06:03:30 -0500,1,1,5,1,12.49,4.404,55.01,1050992.29,1102663.95,2018-11-20 14:11:54 -0500,1,923,1,1,79.0,0.0,2018-11-26 17:53:08 -0500,2018-11-26 17:53:08 -0500
21436,,7157,2018-11-19 06:06:46 -0500,4,4,5,1,12.49,6.405,80.0,414970.4,395967.83,2018-11-20 14:11:54 -0500,1,923,1,1,36.0,0.0,2018-11-26 17:53:08 -0500,2018-11-26 17:53:08 -0500
21437,,7158,2018-11-19 06:10:31 -0500,3,3,3,3,14.85,6.061,90.0,85079.17,102239.24,2018-11-20 14:11:54 -0500,1,923,1,1,58.0,0.0,2018-11-26 17:53:08 -0500,2018-11-26 17:53:08 -0500
21438,,7159,2018-11-19 06:13:30 -0500,8,8,7,1,1.59,1.257,20.0,907727.32,0.0,2018-11-20 14:11:54 -0500,1,923,1,1,20.0,0.0,2018-11-26 17:53:08 -0500,2018-11-26 17:53:08 -0500
21439,,7160,2018-11-19 06:16:36 -0500,5,5,1,2,11.84,2.112,25.01,304467.9,368329.45,2018-11-20 14:11:54 -0500,1,923,1,1,62.0,0.0,2018-11-26 17:53:08 -0500,2018-11-26 17:53:08 -0500
21440,,7161,2018-11-19 06:19:58 -0500,4,4,5,1,12.49,4.003,50.0,415010.43,396017.83,2018-11-20 14:11:54 -0500,1,923,1,1,37.0,0.0,2018-11-26 17:53:08 -0500,2018-11-26 17:53:08 -0500
21441,,7162,2018-11-19 06:20:43 -0500,4,4,5,1,12.49,0.801,10.0,415018.44,396027.83,2018-11-20 14:11:54 -0500,1,923,1,1,38.0,0.0,2018-11-26 17:53:08 -0500,2018-11-26 17:53:08 -0500
21442,,7163,2018-11-19 06:31:30 -0500,3,3,5,1,12.49,48.039,600.01,310235.92,300592.91,2018-11-20 14:11:54 -0500,1,923,1,1,59.0,0.0,2018-11-26 17:53:08 -0500,2018-11-26 17:53:08 -0500
21443,,7164,2018-11-19 06:31:30 -0500,7,7,7,1,1.59,1.242,19.8,1026942.32,0.0,2018-11-20 14:11:54 -0500,1,923,1,1,16.0,0.0,2018-11-26 17:53:08 -0500,2018-11-26 17:53:08 -0500
21444,,7165,2018-11-19 06:31:55 -0500,5,5,2,3,12.85,1.167,15.0,2606979.19,2932410.21,2018-11-20 14:11:54 -0500,1,923,1,1,63.0,0.0,2018-11-26 17:53:08 -0500,2018-11-26 17:53:08 -0500
21445,,7166,2018-11-19 06:32:18 -0500,6,6,1,2,11.84,1.436,17.0,313081.77,377203.17,2018-11-20 14:11:54 -0500,1,923,1,1,13.0,0.0,2018-11-26 17:53:08 -0500,2018-11-26 17:53:08 -0500
21446,,7167,2018-11-19 06:32:34 -0500,1,1,5,1,12.49,56.045,700.0,1051552.74,1103363.95,2018-11-20 14:11:54 -0500,1,923,1,1,80.0,0.0,2018-11-26 17:53:08 -0500,2018-11-26 17:53:08 -0500
21447,,7168,2018-11-19 06:35:30 -0500,8,8,7,1,1.59,0.628,10.0,907733.6,0.0,2018-11-20 14:11:54 -0500,1,923,1,1,21.0,0.0,2018-11-26 17:53:08 -0500,2018-11-26 17:53:08 -0500
21448,,7169,2018-11-19 06:36:30 -0500,4,4,3,3,14.85,2.694,40.0,70854.05,86171.71,2018-11-20 14:11:54 -0500,1,923,1,1,39.0,0.0,2018-11-26 17:53:08 -0500,2018-11-26 17:53:08 -0500
21449,,7170,2018-11-19 06:37:34 -0500,7,7,7,1,1.59,1.886,30.0,1026961.18,0.0,2018-11-20 14:11:54 -0500,1,923,1,1,17.0,0.0,2018-11-26 17:53:08 -0500,2018-11-26 17:53:08 -0500
21450,,7171,2018-11-19 06:40:30 -0500,2,2,2,2,12.85,0.389,5.0,348934.37,404547.64,2018-11-20 14:11:54 -0500,1,923,1,1,43.0,0.0,2018-11-26 17:53:09 -0500,2018-11-26 17:53:09 -0500
21451,,7172,2018-11-19 06:48:04 -0500,7,7,7,1,1.59,0.893,14.2,1026970.11,0.0,2018-11-20 14:11:54 -0500,1,923,1,1,18.0,0.0,2018-11-26 17:53:09 -0500,2018-11-26 17:53:09 -0500
21452,,7173,2018-11-19 06:48:29 -0500,1,1,2,2,12.85,3.113,40.0,282530.38,328697.02,2018-11-20 14:11:54 -0500,1,923,1,1,81.0,0.0,2018-11-26 17:53:09 -0500,2018-11-26 17:53:09 -0500
21453,,7174,2018-11-19 06:53:54 -0500,7,7,7,1,1.59,2.431,38.7,1026994.43,0.0,2018-11-20 14:11:54 -0500,1,923,1,1,19.0,0.0,2018-11-26 17:53:09 -0500,2018-11-26 17:53:09 -0500
21454,,7175,2018-11-19 06:54:31 -0500,8,8,7,1,1.59,1.15,18.3,907745.1,0.0,2018-11-20 14:11:54 -0500,1,923,1,1,22.0,0.0,2018-11-26 17:53:09 -0500,2018-11-26 17:53:09 -0500
21455,,7176,2018-11-19 06:57:40 -0500,3,3,3,3,14.85,2.694,40.0,85106.11,102279.24,2018-11-20 14:11:54 -0500,1,923,1,1,60.0,0.0,2018-11-26 17:53:09 -0500,2018-11-26 17:53:09 -0500
21456,,7177,2018-11-19 06:57:53 -0500,4,4,3,3,14.85,6.734,100.0,70921.39,86271.71,2018-11-20 14:11:54 -0500,1,923,1,1,40.0,0.0,2018-11-26 17:53:09 -0500,2018-11-26 17:53:09 -0500
21457,,7178,2018-11-19 06:57:53 -0500,5,5,2,3,12.85,3.891,50.0,2607018.1,2932460.21,2018-11-20 14:11:54 -0500,1,923,1,1,64.0,0.0,2018-11-26 17:53:09 -0500,2018-11-26 17:53:09 -0500
21458,,7179,2018-11-19 06:59:59 -0500,8,8,7,1,1.59,1.257,20.0,907757.67,0.0,2018-11-20 14:11:54 -0500,1,923,1,1,23.0,0.0,2018-11-26 17:53:09 -0500,2018-11-26 17:53:09 -0500
21459,,7180,2018-11-19 07:00:43 -0500,7,7,7,1,1.59,2.515,40.0,1027019.58,0.0,2018-11-20 14:11:54 -0500,1,923,1,1,20.0,0.0,2018-11-26 17:53:09 -0500,2018-11-26 17:53:09 -0500
21460,,7181,2018-11-19 07:02:11 -0500,8,8,7,1,1.59,0.628,10.0,907763.95,0.0,2018-11-20 14:11:54 -0500,1,923,1,1,24.0,0.0,2018-11-26 17:53:09 -0500,2018-11-26 17:53:09 -0500
21461,,7182,2018-11-19 07:05:29 -0500,8,8,7,1,1.59,1.954,31.1,907783.49,0.0,2018-11-20 14:11:54 -0500,1,923,1,1,25.0,0.0,2018-11-26 17:53:09 -0500,2018-11-26 17:53:09 -0500
21462,,7183,2018-11-19 07:07:05 -0500,7,7,7,1,1.59,2.509,39.9,1027044.67,0.0,2018-11-20 14:11:54 -0500,1,923,1,1,21.0,0.0,2018-11-26 17:53:09 -0500,2018-11-26 17:53:09 -0500
21463,,7184,2018-11-19 07:20:25 -0500,1,1,3,3,14.85,0.875,13.0,211648.63,280904.88,2018-11-20 14:11:54 -0500,1,923,1,1,82.0,0.0,2018-11-26 17:53:09 -0500,2018-11-26 17:53:09 -0500
21464,,7185,2018-11-19 07:21:50 -0500,3,3,2,2,12.85,0.623,8.0,77761.27,86267.33,2018-11-20 14:11:54 -0500,1,923,1,1,61.0,0.0,2018-11-26 17:53:09 -0500,2018-11-26 17:53:09 -0500
21465,,7186,2018-11-19 07:26:36 -0500,1,1,3,3,14.85,1.347,20.0,211662.1,280924.88,2018-11-20 14:11:54 -0500,1,923,1,1,83.0,0.0,2018-11-26 17:53:09 -0500,2018-11-26 17:53:09 -0500
21466,,7187,2018-11-19 07:28:22 -0500,3,3,2,2,12.85,0.778,10.0,77769.05,86277.33,2018-11-20 14:11:54 -0500,1,923,1,1,62.0,0.0,2018-11-26 17:53:09 -0500,2018-11-26 17:53:09 -0500
21467,,7188,2018-11-19 07:30:18 -0500,4,4,5,1,12.49,8.006,100.0,415098.5,396127.83,2018-11-20 14:11:54 -0500,1,923,1,1,41.0,0.0,2018-11-26 17:53:09 -0500,2018-11-26 17:53:09 -0500
21468,,7189,2018-11-19 07:30:56 -0500,1,1,2,2,12.85,3.891,50.0,282569.29,328747.02,2018-11-20 14:11:54 -0500,1,923,1,1,84.0,0.0,2018-11-26 17:53:09 -0500,2018-11-26 17:53:09 -0500
21469,,7190,2018-11-19 07:35:58 -0500,1,1,5,1,12.49,1.601,20.0,1051568.75,1103383.95,2018-11-20 14:11:54 -0500,1,923,1,1,85.0,0.0,2018-11-26 17:53:09 -0500,2018-11-26 17:53:09 -0500
21470,,7191,2018-11-19 07:37:02 -0500,1,1,5,1,12.49,2.402,30.0,1051592.77,1103413.95,2018-11-20 14:11:54 -0500,1,923,1,1,86.0,0.0,2018-11-26 17:53:09 -0500,2018-11-26 17:53:09 -0500
21471,,7192,2018-11-19 07:39:11 -0500,3,3,2,2,12.85,0.389,5.0,77772.94,86282.33,2018-11-20 14:11:54 -0500,1,923,1,1,63.0,0.0,2018-11-26 17:53:09 -0500,2018-11-26 17:53:09 -0500
21472,,7193,2018-11-19 07:47:25 -0500,2,2,5,1,12.49,1.601,20.0,781288.01,818869.17,2018-11-20 14:11:54 -0500,1,923,1,1,44.0,0.0,2018-11-26 17:53:09 -0500,2018-11-26 17:53:09 -0500
21473,,7194,2018-11-19 07:49:26 -0500,1,1,3,3,14.85,1.347,20.0,211675.57,280944.88,2018-11-20 14:11:54 -0500,1,923,1,1,87.0,0.0,2018-11-26 17:53:09 -0500,2018-11-26 17:53:09 -0500
21474,,7195,2018-11-19 07:52:03 -0500,4,4,3,3,14.85,1.347,20.0,70934.86,86291.71,2018-11-20 14:11:54 -0500,1,923,1,1,42.0,0.0,2018-11-26 17:53:09 -0500,2018-11-26 17:53:09 -0500
21475,,7196,2018-11-19 07:56:12 -0500,3,3,5,1,12.49,26.42,329.99,310500.12,300922.9,2018-11-20 14:11:54 -0500,1,923,1,1,64.0,0.0,2018-11-26 17:53:09 -0500,2018-11-26 17:53:09 -0500
21476,,7197,2018-11-19 08:00:57 -0500,4,4,5,1,12.49,1.601,20.0,415114.51,396147.83,2018-11-20 14:11:54 -0500,1,923,1,1,43.0,0.0,2018-11-26 17:53:09 -0500,2018-11-26 17:53:09 -0500
21477,,7198,2018-11-19 08:03:13 -0500,5,5,2,3,12.85,0.545,7.0,2607023.55,2932467.21,2018-11-20 14:11:54 -0500,1,923,1,1,65.0,0.0,2018-11-26 17:53:09 -0500,2018-11-26 17:53:09 -0500
21478,,7199,2018-11-19 08:03:54 -0500,3,3,5,1,12.49,16.013,200.0,310660.25,301122.9,2018-11-20 14:11:54 -0500,1,923,1,1,65.0,0.0,2018-11-26 17:53:09 -0500,2018-11-26 17:53:09 -0500
21479,,7200,2018-11-19 08:05:11 -0500,3,3,5,1,12.49,8.006,100.0,310740.31,301222.9,2018-11-20 14:11:54 -0500,1,923,1,1,66.0,0.0,2018-11-26 17:53:09 -0500,2018-11-26 17:53:09 -0500
21480,,7201,2018-11-19 08:06:46 -0500,7,7,7,1,1.59,1.257,20.0,1027057.24,0.0,2018-11-20 14:11:54 -0500,1,923,1,1,22.0,0.0,2018-11-26 17:53:09 -0500,2018-11-26 17:53:09 -0500
21481,,7202,2018-11-19 08:07:28 -0500,7,7,7,1,1.59,0.628,10.0,1027063.52,0.0,2018-11-20 14:11:54 -0500,1,923,1,1,23.0,0.0,2018-11-26 17:53:09 -0500,2018-11-26 17:53:09 -0500
21482,,7203,2018-11-19 08:09:45 -0500,3,3,5,1,12.49,2.402,30.0,310764.33,301252.9,2018-11-20 14:11:54 -0500,1,923,1,1,67.0,0.0,2018-11-26 17:53:09 -0500,2018-11-26 17:53:09 -0500
21483,,7204,2018-11-19 08:14:59 -0500,3,3,2,2,12.85,0.778,10.0,77780.72,86292.33,2018-11-20 14:11:54 -0500,1,923,1,1,68.0,0.0,2018-11-26 17:53:09 -0500,2018-11-26 17:53:09 -0500
21484,,7205,2018-11-19 08:17:47 -0500,8,8,7,1,1.59,0.515,8.2,907788.64,0.0,2018-11-20 14:11:54 -0500,1,923,1,1,26.0,0.0,2018-11-26 17:53:09 -0500,2018-11-26 17:53:09 -0500
21485,,7206,2018-11-19 08:18:10 -0500,3,3,2,2,12.85,0.389,5.0,77784.61,86297.33,2018-11-20 14:11:54 -0500,1,923,1,1,69.0,0.0,2018-11-26 17:53:09 -0500,2018-11-26 17:53:09 -0500
21486,,7207,2018-11-19 08:19:44 -0500,8,8,7,1,1.59,0.628,10.0,907794.92,0.0,2018-11-20 14:11:54 -0500,1,923,1,1,27.0,0.0,2018-11-26 17:53:09 -0500,2018-11-26 17:53:09 -0500
21487,,7208,2018-11-19 08:23:51 -0500,8,8,7,1,1.59,0.314,5.0,907798.06,0.0,2018-11-20 14:11:54 -0500,1,923,1,1,28.0,0.0,2018-11-26 17:53:09 -0500,2018-11-26 17:53:09 -0500
21488,,7209,2018-11-19 08:32:01 -0500,1,1,2,2,12.85,0.778,10.0,282577.07,328757.02,2018-11-20 14:11:54 -0500,1,923,1,1,88.0,0.0,2018-11-26 17:53:09 -0500,2018-11-26 17:53:09 -0500
21489,,7210,2018-11-19 08:33:50 -0500,3,3,4,4,15.59,13.811,215.31,17393.31,24406.27,2018-11-20 14:11:54 -0500,1,923,1,1,70.0,0.0,2018-11-26 17:53:09 -0500,2018-11-26 17:53:09 -0500
21490,,7211,2018-11-19 08:39:12 -0500,7,7,7,1,1.59,1.825,29.1,1027081.77,0.0,2018-11-20 14:11:54 -0500,1,923,1,1,24.0,0.0,2018-11-26 17:53:09 -0500,2018-11-26 17:53:09 -0500
21491,,7212,2018-11-19 08:40:38 -0500,8,8,7,1,1.59,1.257,20.0,907810.63,0.0,2018-11-20 14:11:54 -0500,1,923,1,1,29.0,0.0,2018-11-26 17:53:09 -0500,2018-11-26 17:53:09 -0500
21492,,7213,2018-11-19 08:42:07 -0500,7,7,7,1,1.59,1.257,20.0,1027094.34,0.0,2018-11-20 14:11:54 -0500,1,923,1,1,25.0,0.0,2018-11-26 17:53:09 -0500,2018-11-26 17:53:09 -0500
21493,,7214,2018-11-19 08:45:02 -0500,4,4,3,3,14.85,0.808,12.0,70942.94,86303.71,2018-11-20 14:11:54 -0500,1,923,1,1,44.0,0.0,2018-11-26 17:53:09 -0500,2018-11-26 17:53:09 -0500
21494,,7215,2018-11-19 08:49:00 -0500,7,7,7,1,1.59,1.257,20.0,1027106.91,0.0,2018-11-20 14:11:54 -0500,1,923,1,1,26.0,0.0,2018-11-26 17:53:09 -0500,2018-11-26 17:53:09 -0500
21495,,7216,2018-11-19 08:49:54 -0500,8,8,7,1,1.59,1.257,20.0,907823.2,0.0,2018-11-20 14:11:54 -0500,1,923,1,1,30.0,0.0,2018-11-26 17:53:09 -0500,2018-11-26 17:53:09 -0500
21496,,7217,2018-11-19 08:51:43 -0500,3,3,2,2,12.85,0.623,8.0,77790.84,86305.33,2018-11-20 14:11:54 -0500,1,923,1,1,71.0,0.0,2018-11-26 17:53:09 -0500,2018-11-26 17:53:09 -0500
21497,,7218,2018-11-19 08:53:17 -0500,8,8,7,1,1.59,0.314,5.0,907826.34,0.0,2018-11-20 14:11:54 -0500,1,923,1,1,31.0,0.0,2018-11-26 17:53:09 -0500,2018-11-26 17:53:09 -0500
21498,,7219,2018-11-19 08:53:22 -0500,3,3,2,2,12.85,0.778,10.0,77798.62,86315.33,2018-11-20 14:11:54 -0500,1,923,1,1,72.0,0.0,2018-11-26 17:53:09 -0500,2018-11-26 17:53:09 -0500
21499,,7220,2018-11-19 08:56:58 -0500,1,1,3,3,14.85,0.673,10.0,211682.3,280954.88,2018-11-20 14:11:54 -0500,1,923,1,1,89.0,0.0,2018-11-26 17:53:09 -0500,2018-11-26 17:53:09 -0500
21500,,7221,2018-11-19 08:56:58 -0500,7,7,7,1,1.59,1.667,26.6,1027123.58,0.0,2018-11-20 14:11:54 -0500,1,923,1,1,27.0,0.0,2018-11-26 17:53:09 -0500,2018-11-26 17:53:09 -0500
21501,,7222,2018-11-19 08:57:06 -0500,8,8,7,1,1.59,0.943,15.0,907835.77,0.0,2018-11-20 14:11:54 -0500,1,923,1,1,32.0,0.0,2018-11-26 17:53:09 -0500,2018-11-26 17:53:09 -0500
21502,,7223,2018-11-19 09:00:34 -0500,4,4,5,1,12.49,16.013,200.0,415274.64,396347.83,2018-11-20 14:11:54 -0500,1,923,1,1,45.0,0.0,2018-11-26 17:53:09 -0500,2018-11-26 17:53:09 -0500
21503,,7224,2018-11-19 09:01:38 -0500,1,1,2,2,12.85,2.335,30.0,282600.42,328787.02,2018-11-20 14:11:54 -0500,1,923,1,1,90.0,0.0,2018-11-26 17:53:09 -0500,2018-11-26 17:53:09 -0500
21504,,7225,2018-11-19 09:09:36 -0500,4,4,5,1,12.49,4.003,50.0,415314.67,396397.83,2018-11-20 14:11:54 -0500,1,923,1,1,46.0,0.0,2018-11-26 17:53:09 -0500,2018-11-26 17:53:09 -0500
21505,,7226,2018-11-19 09:13:58 -0500,3,3,5,1,12.49,3.203,40.0,310796.36,301292.9,2018-11-20 14:11:54 -0500,1,923,1,1,73.0,0.0,2018-11-26 17:53:09 -0500,2018-11-26 17:53:09 -0500
21506,,7227,2018-11-19 09:15:16 -0500,7,7,7,1,1.59,2.535,40.4,1027148.93,0.0,2018-11-20 14:11:54 -0500,1,923,1,1,28.0,0.0,2018-11-26 17:53:09 -0500,2018-11-26 17:53:09 -0500
21507,,7228,2018-11-19 09:16:00 -0500,2,2,5,1,12.49,8.006,100.0,781368.07,818969.17,2018-11-20 14:11:54 -0500,1,923,1,1,45.0,0.0,2018-11-26 17:53:09 -0500,2018-11-26 17:53:09 -0500
21508,,7229,2018-11-19 09:17:07 -0500,4,4,2,2,12.85,0.272,3.5,77505.18,84522.66,2018-11-20 14:11:54 -0500,1,923,1,1,47.0,0.0,2018-11-26 17:53:09 -0500,2018-11-26 17:53:09 -0500
21509,,7230,2018-11-19 09:18:00 -0500,7,7,7,1,1.59,1.886,30.0,1027167.79,0.0,2018-11-20 14:11:54 -0500,1,923,1,1,29.0,0.0,2018-11-26 17:53:09 -0500,2018-11-26 17:53:09 -0500
21510,,7231,2018-11-19 09:19:27 -0500,7,7,7,1,1.59,1.257,20.0,1027180.36,0.0,2018-11-20 14:11:54 -0500,1,923,1,1,30.0,0.0,2018-11-26 17:53:09 -0500,2018-11-26 17:53:09 -0500
21511,,7232,2018-11-19 09:24:31 -0500,7,7,7,1,1.59,2.515,40.0,1027205.51,0.0,2018-11-20 14:11:54 -0500,1,923,1,1,31.0,0.0,2018-11-26 17:53:09 -0500,2018-11-26 17:53:09 -0500
21512,,7233,2018-11-19 09:25:01 -0500,1,1,2,2,12.85,0.389,5.0,282604.31,328792.02,2018-11-20 14:11:54 -0500,1,923,1,1,91.0,0.0,2018-11-26 17:53:09 -0500,2018-11-26 17:53:09 -0500
21513,,7234,2018-11-19 09:31:25 -0500,4,4,2,2,12.85,0.778,10.0,77512.96,84532.66,2018-11-20 14:11:54 -0500,1,923,1,1,48.0,0.0,2018-11-26 17:53:09 -0500,2018-11-26 17:53:09 -0500
21514,,7235,2018-11-19 09:34:05 -0500,4,4,5,1,12.49,1.201,15.0,415326.68,396412.83,2018-11-20 14:11:54 -0500,1,923,1,1,49.0,0.0,2018-11-26 17:53:09 -0500,2018-11-26 17:53:09 -0500
21515,,7236,2018-11-19 09:38:26 -0500,7,7,7,1,1.59,2.041,32.5,1027225.92,0.0,2018-11-20 14:11:54 -0500,1,923,1,1,32.0,0.0,2018-11-26 17:53:09 -0500,2018-11-26 17:53:09 -0500
21516,,7237,2018-11-19 09:41:42 -0500,2,2,5,1,12.49,28.023,350.01,781648.3,819319.18,2018-11-20 14:11:54 -0500,1,923,1,1,46.0,0.0,2018-11-26 17:53:09 -0500,2018-11-26 17:53:09 -0500
21517,,7238,2018-11-19 09:45:09 -0500,1,1,3,3,14.85,0.337,5.0,211685.67,280959.88,2018-11-20 14:11:54 -0500,1,923,1,1,92.0,0.0,2018-11-26 17:53:10 -0500,2018-11-26 17:53:10 -0500
21518,,7239,2018-11-19 09:45:36 -0500,7,7,7,1,1.59,2.548,40.6,1027251.4,0.0,2018-11-20 14:11:54 -0500,1,923,1,1,33.0,0.0,2018-11-26 17:53:10 -0500,2018-11-26 17:53:10 -0500
21519,,7240,2018-11-19 09:46:22 -0500,3,3,2,2,12.85,0.778,10.0,77806.4,86325.33,2018-11-20 14:11:54 -0500,1,923,1,1,74.0,0.0,2018-11-26 17:53:10 -0500,2018-11-26 17:53:10 -0500
21520,,7241,2018-11-19 09:47:04 -0500,7,7,7,1,1.59,1.257,20.0,1027263.97,0.0,2018-11-20 14:11:54 -0500,1,923,1,1,34.0,0.0,2018-11-26 17:53:10 -0500,2018-11-26 17:53:10 -0500
21521,,7242,2018-11-19 09:48:40 -0500,2,2,5,1,12.49,4.804,60.0,781696.34,819379.18,2018-11-20 14:11:54 -0500,1,923,1,1,47.0,0.0,2018-11-26 17:53:10 -0500,2018-11-26 17:53:10 -0500
21522,,7243,2018-11-19 09:48:42 -0500,7,7,7,1,1.59,1.795,28.6,1027281.92,0.0,2018-11-20 14:11:54 -0500,1,923,1,1,35.0,0.0,2018-11-26 17:53:10 -0500,2018-11-26 17:53:10 -0500
21523,,7244,2018-11-19 09:49:58 -0500,3,3,2,2,12.85,0.623,8.0,77812.63,86333.33,2018-11-20 14:11:54 -0500,1,923,1,1,75.0,0.0,2018-11-26 17:53:10 -0500,2018-11-26 17:53:10 -0500
21524,,7245,2018-11-19 09:52:41 -0500,7,7,7,1,1.59,1.257,20.0,1027294.49,0.0,2018-11-20 14:11:54 -0500,1,923,1,1,36.0,0.0,2018-11-26 17:53:10 -0500,2018-11-26 17:53:10 -0500
21525,,7246,2018-11-19 09:53:24 -0500,2,2,3,3,14.85,0.673,10.0,171391.88,228375.41,2018-11-20 14:11:54 -0500,1,923,1,1,48.0,0.0,2018-11-26 17:53:10 -0500,2018-11-26 17:53:10 -0500
21526,,7247,2018-11-19 09:54:37 -0500,7,7,7,1,1.59,1.257,20.0,1027307.06,0.0,2018-11-20 14:11:54 -0500,1,923,1,1,37.0,0.0,2018-11-26 17:53:10 -0500,2018-11-26 17:53:10 -0500
21527,,7248,2018-11-19 09:56:42 -0500,7,7,7,1,1.59,1.132,18.0,1027318.38,0.0,2018-11-20 14:11:54 -0500,1,923,1,1,38.0,0.0,2018-11-26 17:53:10 -0500,2018-11-26 17:53:10 -0500
21528,,7249,2018-11-19 09:59:41 -0500,2,2,5,1,12.49,4.003,50.0,781736.37,819429.18,2018-11-20 14:11:54 -0500,1,923,1,1,49.0,0.0,2018-11-26 17:53:10 -0500,2018-11-26 17:53:10 -0500
21529,,7250,2018-11-19 10:03:29 -0500,2,2,5,1,12.49,3.203,40.0,781768.4,819469.18,2018-11-20 14:11:54 -0500,1,923,1,1,50.0,0.0,2018-11-26 17:53:10 -0500,2018-11-26 17:53:10 -0500
21530,,7251,2018-11-19 10:06:20 -0500,5,5,1,2,11.84,0.507,6.0,304472.97,368335.45,2018-11-20 14:11:54 -0500,1,923,1,1,66.0,0.0,2018-11-26 17:53:10 -0500,2018-11-26 17:53:10 -0500
21531,,7252,2018-11-19 10:06:39 -0500,4,4,4,4,15.59,1.924,30.0,23819.23,32875.3,2018-11-20 14:11:54 -0500,1,923,1,1,50.0,0.0,2018-11-26 17:53:10 -0500,2018-11-26 17:53:10 -0500
21532,,7253,2018-11-19 10:08:37 -0500,7,7,7,1,1.59,1.572,25.0,1027334.1,0.0,2018-11-20 14:11:54 -0500,1,923,1,1,39.0,0.0,2018-11-26 17:53:10 -0500,2018-11-26 17:53:10 -0500
21533,,7254,2018-11-19 10:09:28 -0500,3,3,5,1,12.49,1.601,20.0,310812.37,301312.9,2018-11-20 14:11:54 -0500,1,923,1,1,76.0,0.0,2018-11-26 17:53:10 -0500,2018-11-26 17:53:10 -0500
21534,,7255,2018-11-19 10:09:50 -0500,2,2,2,2,12.85,7.782,100.0,349012.19,404647.64,2018-11-20 14:11:54 -0500,1,923,1,1,51.0,0.0,2018-11-26 17:53:10 -0500,2018-11-26 17:53:10 -0500
21535,,7256,2018-11-19 10:10:59 -0500,5,5,5,1,12.49,0.801,10.0,936053.45,1198208.31,2018-11-20 14:11:54 -0500,1,923,1,1,67.0,0.0,2018-11-26 17:53:10 -0500,2018-11-26 17:53:10 -0500
21536,,7257,2018-11-19 10:17:43 -0500,8,8,7,1,1.59,0.628,10.0,907842.05,0.0,2018-11-20 14:11:54 -0500,1,923,1,1,33.0,0.0,2018-11-26 17:53:10 -0500,2018-11-26 17:53:10 -0500
21537,,7258,2018-11-19 10:19:54 -0500,8,8,7,1,1.59,2.231,35.5,907864.36,0.0,2018-11-20 14:11:54 -0500,1,923,1,1,34.0,0.0,2018-11-26 17:53:10 -0500,2018-11-26 17:53:10 -0500
21538,,7259,2018-11-19 10:22:30 -0500,1,1,5,1,12.49,4.003,50.0,1051632.8,1103463.95,2018-11-20 14:11:54 -0500,1,923,1,1,93.0,0.0,2018-11-26 17:53:10 -0500,2018-11-26 17:53:10 -0500
21539,,7260,2018-11-19 10:22:48 -0500,7,7,7,1,1.59,3.144,50.0,1027365.54,0.0,2018-11-20 14:11:54 -0500,1,923,1,1,40.0,0.0,2018-11-26 17:53:10 -0500,2018-11-26 17:53:10 -0500
21540,,7261,2018-11-19 10:23:23 -0500,8,8,7,1,1.59,1.886,30.0,907883.22,0.0,2018-11-20 14:11:54 -0500,1,923,1,1,35.0,0.0,2018-11-26 17:53:10 -0500,2018-11-26 17:53:10 -0500
21541,,7262,2018-11-19 10:23:34 -0500,2,2,3,3,14.85,0.269,4.0,171394.57,228379.41,2018-11-20 14:11:54 -0500,1,923,1,1,52.0,0.0,2018-11-26 17:53:10 -0500,2018-11-26 17:53:10 -0500
21542,,7263,2018-11-19 10:26:34 -0500,8,8,7,1,1.59,1.886,30.0,907902.08,0.0,2018-11-20 14:11:54 -0500,1,923,1,1,36.0,0.0,2018-11-26 17:53:10 -0500,2018-11-26 17:53:10 -0500
21543,,7264,2018-11-19 10:28:09 -0500,1,1,2,2,12.85,4.669,60.0,282651.0,328852.02,2018-11-20 14:11:54 -0500,1,923,1,1,94.0,0.0,2018-11-26 17:53:10 -0500,2018-11-26 17:53:10 -0500
21544,,7265,2018-11-19 10:29:32 -0500,2,2,3,3,14.85,0.337,5.0,171397.94,228384.41,2018-11-20 14:11:54 -0500,1,923,1,1,53.0,0.0,2018-11-26 17:53:10 -0500,2018-11-26 17:53:10 -0500
21545,,7266,2018-11-19 10:30:33 -0500,7,7,7,1,1.59,1.291,20.6,1027378.45,0.0,2018-11-20 14:11:54 -0500,1,923,1,1,41.0,0.0,2018-11-26 17:53:11 -0500,2018-11-26 17:53:11 -0500
21546,,7267,2018-11-19 10:33:21 -0500,8,8,7,1,1.59,1.257,20.0,907914.65,0.0,2018-11-20 14:11:54 -0500,1,923,1,1,37.0,0.0,2018-11-26 17:53:11 -0500,2018-11-26 17:53:11 -0500
21547,,7268,2018-11-19 10:36:01 -0500,1,1,5,1,12.49,1.281,16.0,1051645.61,1103479.95,2018-11-20 14:11:54 -0500,1,923,1,1,95.0,0.0,2018-11-26 17:53:11 -0500,2018-11-26 17:53:11 -0500
21548,,7269,2018-11-19 10:42:51 -0500,2,2,3,3,14.85,1.347,20.0,171411.41,228404.41,2018-11-20 14:11:54 -0500,1,923,1,1,54.0,0.0,2018-11-26 17:53:11 -0500,2018-11-26 17:53:11 -0500
21549,,7270,2018-11-19 10:45:11 -0500,8,8,7,1,1.59,0.372,6.0,907918.37,0.0,2018-11-20 14:11:54 -0500,1,923,1,1,38.0,0.0,2018-11-26 17:53:11 -0500,2018-11-26 17:53:11 -0500
21550,,7271,2018-11-19 10:49:43 -0500,3,3,3,3,14.85,0.673,10.0,85112.84,102289.24,2018-11-20 14:11:54 -0500,1,923,1,1,77.0,0.0,2018-11-26 17:53:11 -0500,2018-11-26 17:53:11 -0500
21551,,7272,2018-11-19 10:51:04 -0500,8,8,7,1,1.59,0.628,10.0,907924.65,0.0,2018-11-20 14:11:54 -0500,1,923,1,1,39.0,0.0,2018-11-26 17:53:11 -0500,2018-11-26 17:53:11 -0500
21552,,7273,2018-11-19 10:53:12 -0500,1,1,2,2,12.85,0.311,4.0,282654.11,328856.02,2018-11-20 14:11:54 -0500,1,923,1,1,96.0,0.0,2018-11-26 17:53:11 -0500,2018-11-26 17:53:11 -0500
21553,,7274,2018-11-19 10:55:19 -0500,1,1,5,1,12.49,0.56,7.0,1051651.21,1103486.95,2018-11-20 14:11:54 -0500,1,923,1,1,97.0,0.0,2018-11-26 17:53:11 -0500,2018-11-26 17:53:11 -0500
21554,,7275,2018-11-19 10:56:24 -0500,8,8,7,1,1.59,0.628,10.0,907930.93,0.0,2018-11-20 14:11:54 -0500,1,923,1,1,40.0,0.0,2018-11-26 17:53:11 -0500,2018-11-26 17:53:11 -0500
21555,,7276,2018-11-19 10:57:40 -0500,4,4,3,3,14.85,3.367,50.0,70976.61,86353.71,2018-11-20 14:11:54 -0500,1,923,1,1,51.0,0.0,2018-11-26 17:53:11 -0500,2018-11-26 17:53:11 -0500
21556,,7277,2018-11-19 11:04:56 -0500,4,4,2,2,12.85,1.556,20.0,77528.52,84552.66,2018-11-20 14:11:54 -0500,1,923,1,1,52.0,0.0,2018-11-26 17:53:11 -0500,2018-11-26 17:53:11 -0500
21557,,7278,2018-11-19 11:08:00 -0500,3,3,5,1,12.49,16.013,200.0,310972.5,301512.9,2018-11-20 14:11:54 -0500,1,923,1,1,78.0,0.0,2018-11-26 17:53:11 -0500,2018-11-26 17:53:11 -0500
21558,,7279,2018-11-19 11:09:27 -0500,1,1,5,1,12.49,4.169,52.07,1051692.9,1103539.02,2018-11-20 14:11:54 -0500,1,923,1,1,98.0,0.0,2018-11-26 17:53:11 -0500,2018-11-26 17:53:11 -0500
21559,,7280,2018-11-19 11:09:55 -0500,2,2,2,2,12.85,3.113,40.0,349043.32,404687.64,2018-11-20 14:11:54 -0500,1,923,1,1,56.0,0.0,2018-11-26 17:53:11 -0500,2018-11-26 17:53:11 -0500
21560,,7281,2018-11-19 11:10:32 -0500,1,1,2,2,12.85,4.669,60.0,282700.8,328916.02,2018-11-20 14:11:54 -0500,1,923,1,1,99.0,0.0,2018-11-26 17:53:11 -0500,2018-11-26 17:53:11 -0500
21561,,7282,2018-11-19 11:17:02 -0500,3,3,3,3,14.85,1.347,20.0,85126.31,102309.24,2018-11-20 14:11:54 -0500,1,923,1,1,79.0,0.0,2018-11-26 17:53:11 -0500,2018-11-26 17:53:11 -0500
21562,,7283,2018-11-19 11:22:42 -0500,7,7,7,1,1.59,2.92,46.5,1027407.65,0.0,2018-11-20 14:11:54 -0500,1,923,1,1,42.0,0.0,2018-11-26 17:53:11 -0500,2018-11-26 17:53:11 -0500
21563,,7284,2018-11-19 11:32:51 -0500,3,3,2,2,12.85,0.545,7.0,77818.08,86340.33,2018-11-20 14:11:54 -0500,1,923,1,1,80.0,0.0,2018-11-26 17:53:11 -0500,2018-11-26 17:53:11 -0500
21564,,7285,2018-11-19 11:34:30 -0500,7,7,7,1,1.59,1.257,20.0,1027420.22,0.0,2018-11-20 14:11:54 -0500,1,923,1,1,43.0,0.0,2018-11-26 17:53:11 -0500,2018-11-26 17:53:11 -0500
21565,,7286,2018-11-19 11:37:08 -0500,1,1,5,1,12.49,4.003,50.0,1051732.93,1103589.02,2018-11-20 14:11:54 -0500,1,923,1,1,1.0,0.0,2018-11-26 17:53:11 -0500,2018-11-26 17:53:11 -0500
21566,,7287,2018-11-19 11:39:49 -0500,1,1,2,2,12.85,0.389,5.0,282704.69,328921.02,2018-11-20 14:11:54 -0500,1,923,1,1,2.0,0.0,2018-11-26 17:53:11 -0500,2018-11-26 17:53:11 -0500
21567,,7288,2018-11-19 11:44:37 -0500,7,7,7,1,1.59,1.531,24.4,1027435.53,0.0,2018-11-20 14:11:54 -0500,1,923,1,1,44.0,0.0,2018-11-26 17:53:11 -0500,2018-11-26 17:53:11 -0500
21568,,7289,2018-11-19 11:48:05 -0500,3,3,2,2,12.85,0.778,10.0,77825.86,86350.33,2018-11-20 14:11:54 -0500,1,923,1,1,81.0,0.0,2018-11-26 17:53:11 -0500,2018-11-26 17:53:11 -0500
21569,,7290,2018-11-19 11:48:08 -0500,7,7,7,1,1.59,1.257,20.0,1027448.1,0.0,2018-11-20 14:11:54 -0500,1,923,1,1,45.0,0.0,2018-11-26 17:53:11 -0500,2018-11-26 17:53:11 -0500
21570,,7291,2018-11-19 11:49:17 -0500,2,2,5,1,12.49,3.203,40.0,781800.43,819509.18,2018-11-20 14:11:54 -0500,1,923,1,1,57.0,0.0,2018-11-26 17:53:11 -0500,2018-11-26 17:53:11 -0500
21571,,7292,2018-11-19 11:49:38 -0500,8,8,7,1,1.59,1.886,30.0,907949.79,0.0,2018-11-20 14:11:54 -0500,1,923,1,1,43.0,0.0,2018-11-26 17:53:11 -0500,2018-11-26 17:53:11 -0500
21572,,7293,2018-11-19 11:52:25 -0500,1,1,5,1,12.49,2.402,30.0,1051756.95,1103619.02,2018-11-20 14:11:54 -0500,1,923,1,1,3.0,0.0,2018-11-26 17:53:11 -0500,2018-11-26 17:53:11 -0500
21573,,7294,2018-11-19 11:52:57 -0500,7,7,7,1,1.59,1.257,20.0,1027460.67,0.0,2018-11-20 14:11:54 -0500,1,923,1,1,46.0,0.0,2018-11-26 17:53:11 -0500,2018-11-26 17:53:11 -0500
21574,,7295,2018-11-19 11:55:27 -0500,7,7,7,1,1.59,2.075,33.0,1027481.42,0.0,2018-11-20 14:11:54 -0500,1,923,1,1,47.0,0.0,2018-11-26 17:53:11 -0500,2018-11-26 17:53:11 -0500
21575,,7296,2018-11-19 11:58:56 -0500,3,3,2,2,12.85,0.938,12.05,77835.24,86362.38,2018-11-20 14:11:54 -0500,1,923,1,1,82.0,0.0,2018-11-26 17:53:11 -0500,2018-11-26 17:53:11 -0500
21576,,7297,2018-11-19 12:01:27 -0500,3,3,5,1,12.49,8.006,100.0,311052.56,301612.9,2018-11-20 14:11:54 -0500,1,923,1,1,83.0,0.0,2018-11-26 17:53:11 -0500,2018-11-26 17:53:11 -0500
21577,,7298,2018-11-19 12:02:29 -0500,2,2,2,2,12.85,0.934,12.0,349052.66,404699.64,2018-11-20 14:11:54 -0500,1,923,1,1,58.0,0.0,2018-11-26 17:53:11 -0500,2018-11-26 17:53:11 -0500
21578,,7299,2018-11-19 12:06:47 -0500,3,3,2,2,12.85,1.167,15.0,77846.91,86377.38,2018-11-20 14:11:54 -0500,1,923,1,1,84.0,0.0,2018-11-26 17:53:11 -0500,2018-11-26 17:53:11 -0500
21579,,7300,2018-11-19 12:09:34 -0500,3,3,5,1,12.49,6.405,80.0,311116.61,301692.9,2018-11-20 14:11:54 -0500,1,923,1,1,85.0,0.0,2018-11-26 17:53:11 -0500,2018-11-26 17:53:11 -0500
21580,,7301,2018-11-19 12:10:39 -0500,7,7,7,1,1.59,1.886,30.0,1027500.28,0.0,2018-11-20 14:11:54 -0500,1,923,1,1,48.0,0.0,2018-11-26 17:53:11 -0500,2018-11-26 17:53:11 -0500
21581,,7302,2018-11-19 12:11:39 -0500,8,8,7,1,1.59,1.257,20.0,907962.36,0.0,2018-11-20 14:11:54 -0500,1,923,1,1,44.0,0.0,2018-11-26 17:53:11 -0500,2018-11-26 17:53:11 -0500
21582,,7303,2018-11-19 12:15:23 -0500,7,7,7,1,1.59,1.257,20.0,1027512.85,0.0,2018-11-20 14:11:54 -0500,1,923,1,1,49.0,0.0,2018-11-26 17:53:11 -0500,2018-11-26 17:53:11 -0500
21583,,7304,2018-11-19 12:19:32 -0500,2,2,5,1,12.49,0.801,10.0,781808.44,819519.18,2018-11-20 14:11:54 -0500,1,923,1,1,59.0,0.0,2018-11-26 17:53:11 -0500,2018-11-26 17:53:11 -0500
21584,,7305,2018-11-19 12:20:55 -0500,7,7,7,1,1.59,1.568,25.0,1027528.53,0.0,2018-11-20 14:11:54 -0500,1,923,1,1,50.0,0.0,2018-11-26 17:53:11 -0500,2018-11-26 17:53:11 -0500
21585,,7306,2018-11-19 12:24:14 -0500,8,8,7,1,1.59,2.447,39.0,907986.83,0.0,2018-11-20 14:11:54 -0500,1,923,1,1,45.0,0.0,2018-11-26 17:53:11 -0500,2018-11-26 17:53:11 -0500
21586,,7307,2018-11-19 12:27:26 -0500,5,5,1,2,11.84,0.845,10.0,304481.42,368345.45,2018-11-20 14:11:54 -0500,1,923,1,1,69.0,0.0,2018-11-26 17:53:11 -0500,2018-11-26 17:53:11 -0500
21587,,7308,2018-11-19 12:30:30 -0500,7,7,7,1,1.59,1.257,20.0,1027541.1,0.0,2018-11-20 14:11:54 -0500,1,923,1,1,51.0,0.0,2018-11-26 17:53:11 -0500,2018-11-26 17:53:11 -0500
21588,,7309,2018-11-19 12:34:45 -0500,7,7,7,1,1.59,0.628,10.0,1027547.38,0.0,2018-11-20 14:11:54 -0500,1,923,1,1,52.0,0.0,2018-11-26 17:53:11 -0500,2018-11-26 17:53:11 -0500
21589,,7310,2018-11-19 12:49:08 -0500,5,5,2,3,12.85,1.167,15.0,2607035.22,2932482.21,2018-11-20 14:11:54 -0500,1,923,1,1,70.0,0.0,2018-11-26 17:53:11 -0500,2018-11-26 17:53:11 -0500
21590,,7311,2018-11-19 12:54:05 -0500,1,1,5,1,12.49,6.405,80.0,1051821.0,1103699.02,2018-11-20 14:11:54 -0500,1,923,1,1,4.0,0.0,2018-11-26 17:53:11 -0500,2018-11-26 17:53:11 -0500
21591,,7312,2018-11-19 13:02:53 -0500,8,8,7,1,1.59,0.468,7.5,907991.51,0.0,2018-11-20 14:11:54 -0500,1,923,1,1,46.0,0.0,2018-11-26 17:53:11 -0500,2018-11-26 17:53:11 -0500
21592,,7313,2018-11-19 13:05:03 -0500,8,8,7,1,1.59,0.628,10.0,907997.79,0.0,2018-11-20 14:11:54 -0500,1,923,1,1,47.0,0.0,2018-11-26 17:53:12 -0500,2018-11-26 17:53:12 -0500
21593,,7314,2018-11-19 13:09:49 -0500,8,8,7,1,1.59,1.257,20.0,908010.36,0.0,2018-11-20 14:11:54 -0500,1,923,1,1,48.0,0.0,2018-11-26 17:53:12 -0500,2018-11-26 17:53:12 -0500
21594,,7315,2018-11-19 13:29:44 -0500,7,7,7,1,1.59,0.628,10.0,1027553.66,0.0,2018-11-20 14:11:54 -0500,1,923,1,1,53.0,0.0,2018-11-26 17:53:12 -0500,2018-11-26 17:53:12 -0500
21595,,7316,2018-11-19 13:33:12 -0500,8,8,7,1,1.59,0.943,15.0,908019.79,0.0,2018-11-20 14:11:54 -0500,1,923,1,1,49.0,0.0,2018-11-26 17:53:12 -0500,2018-11-26 17:53:12 -0500
21596,,7317,2018-11-19 13:33:46 -0500,2,2,5,1,12.49,2.002,25.0,781828.46,819544.18,2018-11-20 14:11:54 -0500,1,923,1,1,60.0,0.0,2018-11-26 17:53:12 -0500,2018-11-26 17:53:12 -0500
21597,,7318,2018-11-19 13:35:34 -0500,8,8,7,1,1.59,0.628,10.0,908026.07,0.0,2018-11-20 14:11:54 -0500,1,923,1,1,50.0,0.0,2018-11-26 17:53:12 -0500,2018-11-26 17:53:12 -0500
21598,,7319,2018-11-19 13:36:06 -0500,1,1,5,1,12.49,4.908,61.3,1051870.08,1103760.32,2018-11-20 14:11:54 -0500,1,923,1,1,5.0,0.0,2018-11-26 17:53:12 -0500,2018-11-26 17:53:12 -0500
21599,,7320,2018-11-19 13:40:14 -0500,8,8,7,1,1.59,0.314,5.0,908029.21,0.0,2018-11-20 14:11:54 -0500,1,923,1,1,52.0,0.0,2018-11-26 17:53:12 -0500,2018-11-26 17:53:12 -0500
21600,,7321,2018-11-19 13:44:26 -0500,7,7,7,1,1.59,1.886,30.0,1027572.52,0.0,2018-11-20 14:11:54 -0500,1,923,1,1,54.0,0.0,2018-11-26 17:53:12 -0500,2018-11-26 17:53:12 -0500
21601,,7322,2018-11-19 13:47:36 -0500,7,7,7,1,1.59,2.695,42.9,1027599.47,0.0,2018-11-20 14:11:54 -0500,1,923,1,1,55.0,0.0,2018-11-26 17:53:12 -0500,2018-11-26 17:53:12 -0500
21602,,7323,2018-11-19 13:50:29 -0500,1,1,5,1,12.49,4.003,50.0,1051910.11,1103810.32,2018-11-20 14:11:54 -0500,1,923,1,1,6.0,0.0,2018-11-26 17:53:12 -0500,2018-11-26 17:53:12 -0500
21603,,7324,2018-11-19 13:51:03 -0500,8,8,7,1,1.59,1.886,30.0,908048.07,0.0,2018-11-20 14:11:54 -0500,1,923,1,1,53.0,0.0,2018-11-26 17:53:12 -0500,2018-11-26 17:53:12 -0500
21604,,7325,2018-11-19 13:58:53 -0500,3,3,5,1,12.49,0.801,10.0,311124.62,301702.9,2018-11-20 14:11:54 -0500,1,923,1,1,86.0,0.0,2018-11-26 17:53:12 -0500,2018-11-26 17:53:12 -0500
21605,,7326,2018-11-19 14:03:42 -0500,3,3,2,2,12.85,1.167,15.0,77858.58,86392.38,2018-11-20 14:11:54 -0500,2,923,1,1,87.0,0.0,2018-11-26 17:53:12 -0500,2018-11-26 17:53:12 -0500
21606,,7327,2018-11-19 14:07:15 -0500,7,7,7,1,1.59,1.148,18.3,1027610.95,0.0,2018-11-20 14:11:54 -0500,2,923,1,1,56.0,0.0,2018-11-26 17:53:12 -0500,2018-11-26 17:53:12 -0500
21607,,7328,2018-11-19 14:08:52 -0500,8,8,7,1,1.59,0.652,10.4,908054.59,0.0,2018-11-20 14:11:54 -0500,2,923,1,1,54.0,0.0,2018-11-26 17:53:12 -0500,2018-11-26 17:53:12 -0500
21608,,7329,2018-11-19 14:13:36 -0500,7,7,7,1,1.59,0.5,8.0,1027615.95,0.0,2018-11-20 14:11:54 -0500,2,923,1,1,57.0,0.0,2018-11-26 17:53:12 -0500,2018-11-26 17:53:12 -0500
21609,,7330,2018-11-19 14:19:15 -0500,7,7,7,1,1.59,1.257,20.0,1027628.52,0.0,2018-11-20 14:11:54 -0500,2,923,1,1,58.0,0.0,2018-11-26 17:53:12 -0500,2018-11-26 17:53:12 -0500
21610,,7331,2018-11-19 14:19:58 -0500,8,8,7,1,1.59,0.628,10.0,908060.87,0.0,2018-11-20 14:11:54 -0500,2,923,1,1,55.0,0.0,2018-11-26 17:53:12 -0500,2018-11-26 17:53:12 -0500
21611,,7332,2018-11-19 14:21:28 -0500,5,5,2,3,12.85,0.778,10.0,2607043.0,2932492.21,2018-11-20 14:11:54 -0500,2,923,1,1,71.0,0.0,2018-11-26 17:53:12 -0500,2018-11-26 17:53:12 -0500
21612,,7333,2018-11-19 14:23:01 -0500,8,8,7,1,1.59,1.257,20.0,908073.44,0.0,2018-11-20 14:11:54 -0500,2,923,1,1,56.0,0.0,2018-11-26 17:53:12 -0500,2018-11-26 17:53:12 -0500
21613,,7334,2018-11-19 14:25:38 -0500,1,1,5,1,12.49,7.206,90.0,1051982.17,1103900.32,2018-11-20 14:11:54 -0500,2,923,1,1,7.0,0.0,2018-11-26 17:53:12 -0500,2018-11-26 17:53:12 -0500
21614,,7335,2018-11-19 14:31:16 -0500,7,7,7,1,1.59,1.257,20.0,1027641.09,0.0,2018-11-20 14:11:54 -0500,2,923,1,1,59.0,0.0,2018-11-26 17:53:12 -0500,2018-11-26 17:53:12 -0500
21615,,7336,2018-11-19 14:33:49 -0500,7,7,7,1,1.59,0.969,15.5,1027650.78,0.0,2018-11-20 14:11:54 -0500,2,923,1,1,60.0,0.0,2018-11-26 17:53:12 -0500,2018-11-26 17:53:12 -0500
21616,,7337,2018-11-19 14:50:23 -0500,7,7,7,1,1.59,5.123,81.5,1027702.01,0.0,2018-11-20 14:11:54 -0500,2,923,1,1,61.0,0.0,2018-11-26 17:53:12 -0500,2018-11-26 17:53:12 -0500
21617,,7338,2018-11-19 14:53:15 -0500,3,3,3,3,14.85,0.471,7.0,85131.02,102316.24,2018-11-20 14:11:54 -0500,2,923,1,1,88.0,0.0,2018-11-26 17:53:12 -0500,2018-11-26 17:53:12 -0500
21618,,7339,2018-11-19 14:53:16 -0500,8,8,7,1,1.59,3.773,60.0,908111.17,0.0,2018-11-20 14:11:54 -0500,2,923,1,1,57.0,0.0,2018-11-26 17:53:12 -0500,2018-11-26 17:53:12 -0500
21619,,7340,2018-11-19 14:55:21 -0500,3,3,2,2,12.85,0.778,10.0,77866.36,86402.38,2018-11-20 14:11:54 -0500,2,923,1,1,89.0,0.0,2018-11-26 17:53:12 -0500,2018-11-26 17:53:12 -0500
21620,,7341,2018-11-19 14:56:25 -0500,4,4,5,1,12.49,3.203,40.0,415358.71,396452.83,2018-11-20 14:11:54 -0500,2,923,1,1,53.0,0.0,2018-11-26 17:53:12 -0500,2018-11-26 17:53:12 -0500
21621,,7342,2018-11-19 14:56:55 -0500,1,1,4,4,15.59,1.283,20.0,73033.75,103735.68,2018-11-20 14:11:54 -0500,2,923,1,1,8.0,0.0,2018-11-26 17:53:12 -0500,2018-11-26 17:53:12 -0500
21622,,7343,2018-11-19 15:00:03 -0500,3,3,4,4,15.59,1.924,30.0,17412.55,24436.27,2018-11-20 14:11:54 -0500,2,923,1,1,90.0,0.0,2018-11-26 17:53:12 -0500,2018-11-26 17:53:12 -0500
21623,,7344,2018-11-19 15:00:42 -0500,8,8,7,1,1.59,1.257,20.0,908123.74,0.0,2018-11-20 14:11:54 -0500,2,923,1,1,58.0,0.0,2018-11-26 17:53:12 -0500,2018-11-26 17:53:12 -0500
21624,,7345,2018-11-19 15:01:45 -0500,4,4,5,1,12.49,3.203,40.0,415390.74,396492.83,2018-11-20 14:11:54 -0500,2,923,1,1,54.0,0.0,2018-11-26 17:53:12 -0500,2018-11-26 17:53:12 -0500
21625,,7346,2018-11-19 15:02:57 -0500,8,8,7,1,1.59,0.606,9.7,908129.8,0.0,2018-11-20 14:11:54 -0500,2,923,1,1,59.0,0.0,2018-11-26 17:53:12 -0500,2018-11-26 17:53:12 -0500
21626,,7347,2018-11-19 15:10:59 -0500,1,1,2,2,12.85,0.934,12.0,282714.03,328933.02,2018-11-20 14:11:54 -0500,2,923,1,1,9.0,0.0,2018-11-26 17:53:12 -0500,2018-11-26 17:53:12 -0500
21627,,7348,2018-11-19 15:14:30 -0500,7,7,7,1,1.59,1.257,20.0,1027714.58,0.0,2018-11-20 14:11:54 -0500,2,923,1,1,62.0,0.0,2018-11-26 17:53:12 -0500,2018-11-26 17:53:12 -0500
21628,,7349,2018-11-19 15:14:38 -0500,1,1,5,1,12.49,16.013,200.0,1052142.3,1104100.32,2018-11-20 14:11:54 -0500,2,923,1,1,10.0,0.0,2018-11-26 17:53:12 -0500,2018-11-26 17:53:12 -0500
21629,,7350,2018-11-19 15:14:52 -0500,8,8,7,1,1.59,0.44,7.0,908134.2,0.0,2018-11-20 14:11:54 -0500,2,923,1,1,60.0,0.0,2018-11-26 17:53:12 -0500,2018-11-26 17:53:12 -0500
21630,,7351,2018-11-19 15:17:17 -0500,5,5,5,1,12.49,1.601,20.0,936069.46,1198228.31,2018-11-20 14:11:54 -0500,2,923,1,1,72.0,0.0,2018-11-26 17:53:12 -0500,2018-11-26 17:53:12 -0500
21631,,7352,2018-11-19 15:17:31 -0500,7,7,7,1,1.59,1.886,30.0,1027733.44,0.0,2018-11-20 14:11:54 -0500,2,923,1,1,63.0,0.0,2018-11-26 17:53:12 -0500,2018-11-26 17:53:12 -0500
21632,,7353,2018-11-19 15:20:48 -0500,1,1,2,2,12.85,1.556,20.0,282729.59,328953.02,2018-11-20 14:11:54 -0500,2,923,1,1,11.0,0.0,2018-11-26 17:53:12 -0500,2018-11-26 17:53:12 -0500
21633,,7354,2018-11-19 15:22:20 -0500,7,7,7,1,1.59,1.257,20.0,1027746.01,0.0,2018-11-20 14:11:54 -0500,2,923,1,1,64.0,0.0,2018-11-26 17:53:12 -0500,2018-11-26 17:53:12 -0500
21634,,7355,2018-11-19 15:23:41 -0500,1,1,5,1,12.49,2.402,30.0,1052166.32,1104130.32,2018-11-20 14:11:54 -0500,2,923,1,1,12.0,0.0,2018-11-26 17:53:12 -0500,2018-11-26 17:53:12 -0500
21635,,7356,2018-11-19 15:27:18 -0500,3,3,2,2,12.85,0.389,5.0,77870.25,86407.38,2018-11-20 14:11:54 -0500,2,923,1,1,91.0,0.0,2018-11-26 17:53:12 -0500,2018-11-26 17:53:12 -0500
21636,,7357,2018-11-19 15:27:49 -0500,4,4,5,1,12.49,4.003,50.0,415430.77,396542.83,2018-11-20 14:11:54 -0500,2,923,1,1,55.0,0.0,2018-11-26 17:53:12 -0500,2018-11-26 17:53:12 -0500
21637,,7358,2018-11-19 15:34:26 -0500,1,1,5,1,12.49,15.466,193.17,1052320.98,1104323.49,2018-11-20 14:11:54 -0500,2,923,1,1,13.0,0.0,2018-11-26 17:53:12 -0500,2018-11-26 17:53:12 -0500
21638,,7359,2018-11-19 15:41:44 -0500,3,3,4,4,15.59,1.283,20.0,17425.38,24456.27,2018-11-20 14:11:54 -0500,2,923,1,1,92.0,0.0,2018-11-26 17:53:12 -0500,2018-11-26 17:53:12 -0500
21639,,7360,2018-11-19 15:42:41 -0500,2,2,5,1,12.49,2.402,30.0,781852.48,819574.18,2018-11-20 14:11:54 -0500,2,923,1,1,61.0,0.0,2018-11-26 17:53:12 -0500,2018-11-26 17:53:12 -0500
21640,,7361,2018-11-19 15:44:18 -0500,3,3,5,1,12.49,12.01,150.0,311244.72,301852.9,2018-11-20 14:11:54 -0500,2,923,1,1,93.0,0.0,2018-11-26 17:53:12 -0500,2018-11-26 17:53:12 -0500
21641,,7362,2018-11-19 15:48:30 -0500,2,2,2,2,12.85,0.233,3.0,349054.99,404702.64,2018-11-20 14:11:54 -0500,2,923,1,1,62.0,0.0,2018-11-26 17:53:12 -0500,2018-11-26 17:53:12 -0500
21642,,7363,2018-11-19 15:56:04 -0500,8,8,7,1,1.59,2.087,33.2,908155.07,0.0,2018-11-20 14:11:54 -0500,2,923,1,1,61.0,0.0,2018-11-26 17:53:12 -0500,2018-11-26 17:53:12 -0500
21643,,7364,2018-11-19 15:56:06 -0500,3,3,2,2,12.85,0.778,10.0,77878.03,86417.38,2018-11-20 14:11:54 -0500,2,923,1,1,94.0,0.0,2018-11-26 17:53:12 -0500,2018-11-26 17:53:12 -0500
21644,,7365,2018-11-19 15:59:03 -0500,7,7,7,1,1.59,0.44,7.0,1027750.41,0.0,2018-11-20 14:11:54 -0500,2,923,1,1,65.0,0.0,2018-11-26 17:53:12 -0500,2018-11-26 17:53:12 -0500
21645,,7366,2018-11-19 15:59:59 -0500,8,8,7,1,1.59,1.257,20.0,908167.64,0.0,2018-11-20 14:11:54 -0500,2,923,1,1,62.0,0.0,2018-11-26 17:53:12 -0500,2018-11-26 17:53:12 -0500
21646,,7367,2018-11-19 16:00:17 -0500,1,1,2,2,12.85,0.389,5.0,282733.48,328958.02,2018-11-20 14:11:54 -0500,2,923,1,1,14.0,0.0,2018-11-26 17:53:12 -0500,2018-11-26 17:53:12 -0500
21647,,7368,2018-11-19 16:05:12 -0500,4,4,3,3,14.85,3.367,50.0,71010.28,86403.71,2018-11-20 14:11:54 -0500,2,923,1,1,56.0,0.0,2018-11-26 17:53:12 -0500,2018-11-26 17:53:12 -0500
21648,,7369,2018-11-19 16:07:28 -0500,5,5,1,2,11.84,0.01,0.12,304481.52,368345.57,2018-11-20 14:11:54 -0500,2,923,1,1,73.0,0.0,2018-11-26 17:53:12 -0500,2018-11-26 17:53:12 -0500
21649,,7370,2018-11-19 16:07:41 -0500,8,8,7,1,1.59,0.943,15.0,908177.07,0.0,2018-11-20 14:11:54 -0500,2,923,1,1,63.0,0.0,2018-11-26 17:53:12 -0500,2018-11-26 17:53:12 -0500
21650,,7371,2018-11-19 16:08:23 -0500,5,5,1,2,11.84,0.72,8.52,304488.72,368354.09,2018-11-20 14:11:54 -0500,2,923,1,1,74.0,0.0,2018-11-26 17:53:12 -0500,2018-11-26 17:53:12 -0500
21651,,7372,2018-11-19 16:09:38 -0500,4,4,5,1,12.49,0.4,5.0,415434.77,396547.83,2018-11-20 14:11:54 -0500,2,923,1,1,57.0,0.0,2018-11-26 17:53:12 -0500,2018-11-26 17:53:12 -0500
21652,,7373,2018-11-19 16:12:44 -0500,8,8,7,1,1.59,0.628,10.0,908183.35,0.0,2018-11-20 14:11:54 -0500,2,923,1,1,64.0,0.0,2018-11-26 17:53:12 -0500,2018-11-26 17:53:12 -0500
21653,,7374,2018-11-19 16:17:18 -0500,4,4,3,3,14.85,1.347,20.0,71023.75,86423.71,2018-11-20 14:11:54 -0500,2,923,1,1,58.0,0.0,2018-11-26 17:53:12 -0500,2018-11-26 17:53:12 -0500
21654,,7375,2018-11-19 16:19:17 -0500,7,7,7,1,1.59,3.806,60.6,1027788.47,0.0,2018-11-20 14:11:54 -0500,2,923,1,1,66.0,0.0,2018-11-26 17:53:12 -0500,2018-11-26 17:53:12 -0500
21655,,7376,2018-11-19 16:28:37 -0500,7,7,7,1,1.59,1.257,20.0,1027801.04,0.0,2018-11-20 14:11:54 -0500,2,923,1,1,67.0,0.0,2018-11-26 17:53:12 -0500,2018-11-26 17:53:12 -0500
21656,,7377,2018-11-19 16:29:21 -0500,2,2,5,1,12.49,8.006,100.0,781932.54,819674.18,2018-11-20 14:11:54 -0500,2,923,1,1,63.0,0.0,2018-11-26 17:53:12 -0500,2018-11-26 17:53:12 -0500
21657,,7378,2018-11-19 16:29:28 -0500,8,8,7,1,1.59,1.257,20.0,908195.92,0.0,2018-11-20 14:11:54 -0500,2,923,1,1,65.0,0.0,2018-11-26 17:53:12 -0500,2018-11-26 17:53:12 -0500
21658,,7379,2018-11-19 16:34:12 -0500,8,8,7,1,1.59,1.257,20.0,908208.49,0.0,2018-11-20 14:11:54 -0500,2,923,1,1,66.0,0.0,2018-11-26 17:53:12 -0500,2018-11-26 17:53:12 -0500
21659,,7380,2018-11-19 16:35:19 -0500,8,8,7,1,1.59,0.251,4.0,908211.0,0.0,2018-11-20 14:11:54 -0500,2,923,1,1,67.0,0.0,2018-11-26 17:53:12 -0500,2018-11-26 17:53:12 -0500
21660,,7381,2018-11-19 16:37:18 -0500,8,8,7,1,1.59,1.461,23.3,908225.61,0.0,2018-11-20 14:11:54 -0500,2,923,1,1,68.0,0.0,2018-11-26 17:53:12 -0500,2018-11-26 17:53:12 -0500
21661,,7382,2018-11-19 16:37:32 -0500,2,2,2,2,12.85,1.983,25.48,349074.82,404728.12,2018-11-20 14:11:54 -0500,2,923,1,1,64.0,0.0,2018-11-26 17:53:12 -0500,2018-11-26 17:53:12 -0500
21662,,7383,2018-11-19 16:38:20 -0500,7,7,7,1,1.59,1.572,25.0,1027816.76,0.0,2018-11-20 14:11:54 -0500,2,923,1,1,68.0,0.0,2018-11-26 17:53:12 -0500,2018-11-26 17:53:12 -0500
21663,,7384,2018-11-19 16:38:46 -0500,1,1,2,2,12.85,1.167,15.0,282745.15,328973.02,2018-11-20 14:11:54 -0500,2,923,1,1,15.0,0.0,2018-11-26 17:53:12 -0500,2018-11-26 17:53:12 -0500
21664,,7385,2018-11-19 16:40:11 -0500,1,1,5,1,12.49,1.2,14.99,1052332.98,1104338.48,2018-11-20 14:11:54 -0500,2,923,1,1,16.0,0.0,2018-11-26 17:53:12 -0500,2018-11-26 17:53:12 -0500
21665,,7386,2018-11-19 16:43:21 -0500,8,8,7,1,1.59,1.886,30.0,908244.47,0.0,2018-11-20 14:11:54 -0500,2,923,1,1,69.0,0.0,2018-11-26 17:53:12 -0500,2018-11-26 17:53:12 -0500
21666,,7387,2018-11-19 16:44:35 -0500,7,7,7,1,1.59,0.628,10.0,1027823.04,0.0,2018-11-20 14:11:54 -0500,2,923,1,1,69.0,0.0,2018-11-26 17:53:12 -0500,2018-11-26 17:53:12 -0500
21667,,7388,2018-11-19 16:46:38 -0500,5,5,1,2,11.84,1.014,12.0,304498.86,368366.09,2018-11-20 14:11:54 -0500,2,923,1,1,75.0,0.0,2018-11-26 17:53:12 -0500,2018-11-26 17:53:12 -0500
21668,,7389,2018-11-19 16:48:18 -0500,2,2,3,3,14.85,0.337,5.0,171414.78,228409.41,2018-11-20 14:11:54 -0500,2,923,1,1,65.0,0.0,2018-11-26 17:53:12 -0500,2018-11-26 17:53:12 -0500
21669,,7390,2018-11-19 16:50:11 -0500,7,7,7,1,1.59,0.628,10.0,1027829.32,0.0,2018-11-20 14:11:54 -0500,2,923,1,1,70.0,0.0,2018-11-26 17:53:12 -0500,2018-11-26 17:53:12 -0500
21670,,7391,2018-11-19 16:50:44 -0500,4,4,5,1,12.49,2.402,30.0,415458.79,396577.83,2018-11-20 14:11:54 -0500,2,923,1,1,59.0,0.0,2018-11-26 17:53:12 -0500,2018-11-26 17:53:12 -0500
21671,,7392,2018-11-19 16:51:10 -0500,1,1,5,1,12.49,7.078,88.4,1052403.76,1104426.88,2018-11-20 14:11:54 -0500,2,923,1,1,17.0,0.0,2018-11-26 17:53:12 -0500,2018-11-26 17:53:12 -0500
21672,,7393,2018-11-19 16:51:31 -0500,3,3,2,2,12.85,1.506,19.35,77893.09,86436.73,2018-11-20 14:11:54 -0500,2,923,1,1,95.0,0.0,2018-11-26 17:53:12 -0500,2018-11-26 17:53:12 -0500
21673,,7394,2018-11-19 16:54:05 -0500,2,2,2,2,12.85,0.389,5.0,349078.71,404733.12,2018-11-20 14:11:54 -0500,2,923,1,1,66.0,0.0,2018-11-26 17:53:12 -0500,2018-11-26 17:53:12 -0500
21674,,7395,2018-11-19 16:54:15 -0500,3,3,2,2,12.85,1.012,13.0,77903.21,86449.73,2018-11-20 14:11:54 -0500,2,923,1,1,96.0,0.0,2018-11-26 17:53:12 -0500,2018-11-26 17:53:12 -0500
21675,,7396,2018-11-19 16:54:27 -0500,7,7,7,1,1.59,1.886,30.0,1027848.18,0.0,2018-11-20 14:11:54 -0500,2,923,1,1,71.0,0.0,2018-11-26 17:53:12 -0500,2018-11-26 17:53:12 -0500
21676,,7397,2018-11-19 16:54:39 -0500,8,8,7,1,1.59,2.985,47.5,908274.32,0.0,2018-11-20 14:11:54 -0500,2,923,1,1,70.0,0.0,2018-11-26 17:53:12 -0500,2018-11-26 17:53:12 -0500
21677,,7398,2018-11-19 16:54:50 -0500,3,3,2,2,12.85,0.156,2.0,77904.77,86451.73,2018-11-20 14:11:54 -0500,2,923,1,1,97.0,0.0,2018-11-26 17:53:12 -0500,2018-11-26 17:53:12 -0500
21678,,7399,2018-11-19 16:54:59 -0500,4,4,3,3,14.85,1.347,20.0,71037.22,86443.71,2018-11-20 14:11:54 -0500,2,923,1,1,60.0,0.0,2018-11-26 17:53:12 -0500,2018-11-26 17:53:12 -0500
21679,,7400,2018-11-19 16:57:53 -0500,7,7,7,1,1.59,2.515,40.0,1027873.33,0.0,2018-11-20 14:11:54 -0500,2,923,1,1,72.0,0.0,2018-11-26 17:53:12 -0500,2018-11-26 17:53:12 -0500
21680,,7401,2018-11-19 16:57:58 -0500,8,8,7,1,1.59,1.691,26.9,908291.23,0.0,2018-11-20 14:11:54 -0500,2,923,1,1,71.0,0.0,2018-11-26 17:53:12 -0500,2018-11-26 17:53:12 -0500
21681,,7402,2018-11-19 17:00:46 -0500,8,8,7,1,1.59,1.886,30.0,908310.09,0.0,2018-11-20 14:11:54 -0500,2,923,1,1,72.0,0.0,2018-11-26 17:53:12 -0500,2018-11-26 17:53:12 -0500
21682,,7403,2018-11-19 17:01:56 -0500,7,7,7,1,1.59,1.569,25.0,1027889.02,0.0,2018-11-20 14:11:54 -0500,2,923,1,1,73.0,0.0,2018-11-26 17:53:13 -0500,2018-11-26 17:53:13 -0500
21683,,7404,2018-11-19 17:02:09 -0500,2,2,2,2,12.85,0.389,5.0,349082.6,404738.12,2018-11-20 14:11:54 -0500,2,923,1,1,67.0,0.0,2018-11-26 17:53:13 -0500,2018-11-26 17:53:13 -0500
21684,,7405,2018-11-19 17:02:35 -0500,1,1,2,2,12.85,0.311,4.0,282748.26,328977.02,2018-11-20 14:11:54 -0500,2,923,1,1,18.0,0.0,2018-11-26 17:53:13 -0500,2018-11-26 17:53:13 -0500
21685,,7406,2018-11-19 17:03:52 -0500,8,8,7,1,1.59,2.012,32.0,908330.21,0.0,2018-11-20 14:11:54 -0500,2,923,1,1,73.0,0.0,2018-11-26 17:53:13 -0500,2018-11-26 17:53:13 -0500
21686,,7407,2018-11-19 17:04:27 -0500,4,4,5,1,12.49,0.12,1.5,415459.99,396579.33,2018-11-20 14:11:54 -0500,2,923,1,1,61.0,0.0,2018-11-26 17:53:13 -0500,2018-11-26 17:53:13 -0500
21687,,7408,2018-11-19 17:04:40 -0500,7,7,7,1,1.59,1.886,30.0,1027907.88,0.0,2018-11-20 14:11:54 -0500,2,923,1,1,74.0,0.0,2018-11-26 17:53:13 -0500,2018-11-26 17:53:13 -0500
21688,,7409,2018-11-19 17:06:08 -0500,4,4,2,2,12.85,1.556,20.0,77544.08,84572.66,2018-11-20 14:11:54 -0500,2,923,1,1,62.0,0.0,2018-11-26 17:53:13 -0500,2018-11-26 17:53:13 -0500
21689,,7410,2018-11-19 17:06:52 -0500,1,1,5,1,12.49,4.003,50.0,1052443.79,1104476.88,2018-11-20 14:11:54 -0500,2,923,1,1,19.0,0.0,2018-11-26 17:53:13 -0500,2018-11-26 17:53:13 -0500
21690,,7411,2018-11-19 17:11:13 -0500,8,8,7,1,1.59,0.943,15.0,908339.64,0.0,2018-11-20 14:11:54 -0500,2,923,1,1,74.0,0.0,2018-11-26 17:53:13 -0500,2018-11-26 17:53:13 -0500
21691,,7412,2018-11-19 17:11:30 -0500,2,2,2,2,12.85,0.778,10.0,349090.38,404748.12,2018-11-20 14:11:54 -0500,2,923,1,1,68.0,0.0,2018-11-26 17:53:13 -0500,2018-11-26 17:53:13 -0500
21692,,7413,2018-11-19 17:13:49 -0500,8,8,7,1,1.59,1.129,18.0,908350.93,0.0,2018-11-20 14:11:54 -0500,2,923,1,1,75.0,0.0,2018-11-26 17:53:13 -0500,2018-11-26 17:53:13 -0500
21693,,7414,2018-11-19 17:14:54 -0500,7,7,7,1,1.59,1.257,20.0,1027920.45,0.0,2018-11-20 14:11:54 -0500,2,923,1,1,75.0,0.0,2018-11-26 17:53:13 -0500,2018-11-26 17:53:13 -0500
21694,,7415,2018-11-19 17:21:20 -0500,8,8,7,1,1.59,1.257,20.0,908363.5,0.0,2018-11-20 14:11:54 -0500,2,923,1,1,76.0,0.0,2018-11-26 17:53:13 -0500,2018-11-26 17:53:13 -0500
21695,,7416,2018-11-19 17:22:56 -0500,2,2,3,3,14.85,0.673,10.0,171421.51,228419.41,2018-11-20 14:11:54 -0500,2,923,1,1,69.0,0.0,2018-11-26 17:53:13 -0500,2018-11-26 17:53:13 -0500
21696,,7417,2018-11-19 17:26:26 -0500,7,7,7,1,1.59,1.257,20.0,1027933.02,0.0,2018-11-20 14:11:54 -0500,2,923,1,1,76.0,0.0,2018-11-26 17:53:13 -0500,2018-11-26 17:53:13 -0500
21697,,7418,2018-11-19 17:26:51 -0500,8,8,7,1,1.59,2.401,38.2,908387.51,0.0,2018-11-20 14:11:54 -0500,2,923,1,1,77.0,0.0,2018-11-26 17:53:13 -0500,2018-11-26 17:53:13 -0500
21698,,7419,2018-11-19 17:26:58 -0500,3,3,2,2,12.85,0.311,4.0,77907.88,86455.73,2018-11-20 14:11:54 -0500,2,923,1,1,98.0,0.0,2018-11-26 17:53:13 -0500,2018-11-26 17:53:13 -0500
21699,,7420,2018-11-19 17:29:56 -0500,7,7,7,1,1.59,0.943,15.0,1027942.45,0.0,2018-11-20 14:11:54 -0500,2,923,1,1,77.0,0.0,2018-11-26 17:53:13 -0500,2018-11-26 17:53:13 -0500
21700,,7421,2018-11-19 17:31:27 -0500,5,5,5,1,12.49,1.601,20.0,936085.47,1198248.31,2018-11-20 14:11:54 -0500,2,923,1,1,76.0,0.0,2018-11-26 17:53:13 -0500,2018-11-26 17:53:13 -0500
21701,,7422,2018-11-19 17:35:03 -0500,1,1,5,1,12.49,2.402,30.0,1052467.81,1104506.88,2018-11-20 14:11:54 -0500,2,923,1,1,20.0,0.0,2018-11-26 17:53:13 -0500,2018-11-26 17:53:13 -0500
21702,,7423,2018-11-19 17:36:02 -0500,8,8,7,1,1.59,1.257,20.0,908400.08,0.0,2018-11-20 14:11:54 -0500,2,923,1,1,78.0,0.0,2018-11-26 17:53:13 -0500,2018-11-26 17:53:13 -0500
21703,,7424,2018-11-19 17:37:49 -0500,7,7,7,1,1.59,1.257,20.0,1027955.02,0.0,2018-11-20 14:11:54 -0500,2,923,1,1,78.0,0.0,2018-11-26 17:53:13 -0500,2018-11-26 17:53:13 -0500
21704,,7425,2018-11-19 17:39:55 -0500,8,8,7,1,1.59,0.628,10.0,908406.36,0.0,2018-11-20 14:11:54 -0500,2,923,1,1,79.0,0.0,2018-11-26 17:53:13 -0500,2018-11-26 17:53:13 -0500
21705,,7426,2018-11-19 17:41:32 -0500,7,7,7,1,1.59,1.257,20.0,1027967.59,0.0,2018-11-20 14:11:54 -0500,2,923,1,1,79.0,0.0,2018-11-26 17:53:13 -0500,2018-11-26 17:53:13 -0500
21706,,7427,2018-11-19 17:43:58 -0500,8,8,7,1,1.59,1.886,30.0,908425.22,0.0,2018-11-20 14:11:54 -0500,2,923,1,1,80.0,0.0,2018-11-26 17:53:13 -0500,2018-11-26 17:53:13 -0500
21707,,7428,2018-11-19 17:45:45 -0500,7,7,7,1,1.59,1.586,25.3,1027983.45,0.0,2018-11-20 14:11:54 -0500,2,923,1,1,80.0,0.0,2018-11-26 17:53:13 -0500,2018-11-26 17:53:13 -0500
21708,,7429,2018-11-19 17:46:58 -0500,3,3,2,2,12.85,2.335,30.0,77931.23,86485.73,2018-11-20 14:11:54 -0500,2,923,1,1,99.0,0.0,2018-11-26 17:53:13 -0500,2018-11-26 17:53:13 -0500
21709,,7430,2018-11-19 17:50:47 -0500,7,7,7,1,1.59,1.257,20.0,1027996.02,0.0,2018-11-20 14:11:54 -0500,2,923,1,1,81.0,0.0,2018-11-26 17:53:13 -0500,2018-11-26 17:53:13 -0500
21710,,7431,2018-11-19 17:52:46 -0500,1,1,2,2,12.85,1.089,14.0,282759.15,328991.02,2018-11-20 14:11:54 -0500,2,923,1,1,21.0,0.0,2018-11-26 17:53:13 -0500,2018-11-26 17:53:13 -0500
21711,,7432,2018-11-19 17:53:12 -0500,2,2,2,2,12.85,0.778,10.0,349098.16,404758.12,2018-11-20 14:11:54 -0500,2,923,1,1,70.0,0.0,2018-11-26 17:53:13 -0500,2018-11-26 17:53:13 -0500
21712,,7433,2018-11-19 18:01:46 -0500,7,7,7,1,1.59,0.314,5.0,1027999.16,0.0,2018-11-20 14:11:54 -0500,2,923,1,1,82.0,0.0,2018-11-26 17:53:13 -0500,2018-11-26 17:53:13 -0500
21713,,7434,2018-11-19 18:04:45 -0500,2,2,2,2,12.85,0.7,9.0,349105.16,404767.12,2018-11-20 14:11:54 -0500,2,923,1,1,71.0,0.0,2018-11-26 17:53:13 -0500,2018-11-26 17:53:13 -0500
21714,,7435,2018-11-19 18:08:00 -0500,3,3,5,1,12.49,1.601,20.0,311260.73,301872.9,2018-11-20 14:11:54 -0500,2,923,1,1,1.0,0.0,2018-11-26 17:53:13 -0500,2018-11-26 17:53:13 -0500
21715,,7436,2018-11-19 18:09:23 -0500,8,8,7,1,1.59,1.966,31.3,908444.88,0.0,2018-11-20 14:11:54 -0500,2,923,1,1,81.0,0.0,2018-11-26 17:53:13 -0500,2018-11-26 17:53:13 -0500
21716,,7437,2018-11-19 18:12:13 -0500,1,1,2,2,12.85,0.778,10.0,282766.93,329001.02,2018-11-20 14:11:54 -0500,2,923,1,1,22.0,0.0,2018-11-26 17:53:13 -0500,2018-11-26 17:53:13 -0500
21717,,7438,2018-11-19 18:12:31 -0500,4,4,2,2,12.85,0.778,10.0,77551.86,84582.66,2018-11-20 14:11:54 -0500,2,923,1,1,63.0,0.0,2018-11-26 17:53:13 -0500,2018-11-26 17:53:13 -0500
21718,,7439,2018-11-19 18:14:59 -0500,8,8,7,1,1.59,1.886,30.0,908463.74,0.0,2018-11-20 14:11:54 -0500,2,923,1,1,82.0,0.0,2018-11-26 17:53:14 -0500,2018-11-26 17:53:14 -0500
21719,,7440,2018-11-19 18:21:36 -0500,8,8,7,1,1.59,0.628,10.0,908470.02,0.0,2018-11-20 14:11:54 -0500,2,923,1,1,83.0,0.0,2018-11-26 17:53:14 -0500,2018-11-26 17:53:14 -0500
21720,,7441,2018-11-19 18:28:44 -0500,3,3,2,2,12.85,1.556,20.0,77946.79,86505.73,2018-11-20 14:11:54 -0500,2,923,1,1,2.0,0.0,2018-11-26 17:53:14 -0500,2018-11-26 17:53:14 -0500
21721,,7442,2018-11-19 18:31:59 -0500,1,1,3,3,14.85,3.367,50.0,211719.34,281009.88,2018-11-20 14:11:54 -0500,2,923,1,1,23.0,0.0,2018-11-26 17:53:14 -0500,2018-11-26 17:53:14 -0500
21722,,7443,2018-11-19 18:32:59 -0500,8,8,7,1,1.59,1.754,27.9,908487.56,0.0,2018-11-20 14:11:54 -0500,2,923,1,1,84.0,0.0,2018-11-26 17:53:14 -0500,2018-11-26 17:53:14 -0500
21723,,7444,2018-11-19 18:33:19 -0500,2,2,2,2,12.85,0.267,3.43,349107.83,404770.55,2018-11-20 14:11:54 -0500,2,923,1,1,72.0,0.0,2018-11-26 17:53:14 -0500,2018-11-26 17:53:14 -0500
21724,,7445,2018-11-19 18:36:14 -0500,8,8,7,1,1.59,0.991,15.8,908497.47,0.0,2018-11-20 14:11:54 -0500,2,923,1,1,85.0,0.0,2018-11-26 17:53:14 -0500,2018-11-26 17:53:14 -0500
21725,,7446,2018-11-19 18:43:25 -0500,4,4,2,2,12.85,3.891,50.0,77590.77,84632.66,2018-11-20 14:11:54 -0500,2,923,1,1,64.0,0.0,2018-11-26 17:53:14 -0500,2018-11-26 17:53:14 -0500
21726,,7447,2018-11-19 18:44:32 -0500,3,3,2,2,12.85,0.389,5.0,77950.68,86510.73,2018-11-20 14:11:54 -0500,2,923,1,1,3.0,0.0,2018-11-26 17:53:14 -0500,2018-11-26 17:53:14 -0500
21727,,7448,2018-11-19 18:44:48 -0500,1,1,5,1,12.49,8.006,100.0,1052547.87,1104606.88,2018-11-20 14:11:54 -0500,2,923,1,1,24.0,0.0,2018-11-26 17:53:14 -0500,2018-11-26 17:53:14 -0500
21728,,7449,2018-11-19 18:45:13 -0500,4,4,3,3,14.85,0.471,7.0,71041.93,86450.71,2018-11-20 14:11:54 -0500,2,923,1,1,65.0,0.0,2018-11-26 17:53:14 -0500,2018-11-26 17:53:14 -0500
21729,,7450,2018-11-19 18:53:03 -0500,4,4,2,2,12.85,0.778,10.0,77598.55,84642.66,2018-11-20 14:11:54 -0500,2,923,1,1,66.0,0.0,2018-11-26 17:53:14 -0500,2018-11-26 17:53:14 -0500
21730,,7451,2018-11-19 18:53:34 -0500,3,3,2,2,12.85,2.335,30.0,77974.03,86540.73,2018-11-20 14:11:54 -0500,2,923,1,1,4.0,0.0,2018-11-26 17:53:14 -0500,2018-11-26 17:53:14 -0500
21731,,7452,2018-11-19 19:00:15 -0500,8,8,7,1,1.59,0.503,8.0,908502.5,0.0,2018-11-20 14:11:54 -0500,2,923,1,1,86.0,0.0,2018-11-26 17:53:14 -0500,2018-11-26 17:53:14 -0500
21732,,7453,2018-11-19 19:04:09 -0500,1,1,5,1,12.49,8.006,100.0,1052627.93,1104706.88,2018-11-20 14:11:54 -0500,2,923,1,1,25.0,0.0,2018-11-26 17:53:14 -0500,2018-11-26 17:53:14 -0500
21733,,7454,2018-11-19 19:05:51 -0500,8,8,7,1,1.59,1.257,20.0,908515.07,0.0,2018-11-20 14:11:54 -0500,2,923,1,1,87.0,0.0,2018-11-26 17:53:14 -0500,2018-11-26 17:53:14 -0500
21734,,7455,2018-11-19 19:10:04 -0500,1,1,2,2,12.85,1.556,19.99,282782.49,329021.01,2018-11-20 14:11:54 -0500,2,923,1,1,26.0,0.0,2018-11-26 17:53:14 -0500,2018-11-26 17:53:14 -0500
21735,,7456,2018-11-19 19:11:44 -0500,4,4,5,1,12.49,3.203,40.0,415492.02,396619.33,2018-11-20 14:11:54 -0500,2,923,1,1,67.0,0.0,2018-11-26 17:53:14 -0500,2018-11-26 17:53:14 -0500
21736,,7457,2018-11-19 19:16:06 -0500,7,7,7,1,1.59,1.257,20.0,1028011.73,0.0,2018-11-20 14:11:54 -0500,2,923,1,1,83.0,0.0,2018-11-26 17:53:14 -0500,2018-11-26 17:53:14 -0500
21737,,7458,2018-11-19 19:18:07 -0500,8,8,7,1,1.59,1.973,31.4,908534.8,0.0,2018-11-20 14:11:54 -0500,2,923,1,1,88.0,0.0,2018-11-26 17:53:14 -0500,2018-11-26 17:53:14 -0500
21738,,7459,2018-11-19 19:20:25 -0500,4,4,5,1,12.49,10.408,130.0,415596.1,396749.33,2018-11-20 14:11:54 -0500,2,923,1,1,68.0,0.0,2018-11-26 17:53:14 -0500,2018-11-26 17:53:14 -0500
21739,,7460,2018-11-19 19:20:36 -0500,7,7,7,1,1.59,0.875,14.0,1028020.48,0.0,2018-11-20 14:11:54 -0500,2,923,1,1,84.0,0.0,2018-11-26 17:53:14 -0500,2018-11-26 17:53:14 -0500
21740,,7461,2018-11-19 19:21:51 -0500,1,1,2,2,12.85,0.778,10.0,282790.27,329031.01,2018-11-20 14:11:54 -0500,2,923,1,1,27.0,0.0,2018-11-26 17:53:14 -0500,2018-11-26 17:53:14 -0500
21741,,7462,2018-11-19 19:22:05 -0500,7,7,7,1,1.59,1.257,20.0,1028033.05,0.0,2018-11-20 14:11:54 -0500,2,923,1,1,85.0,0.0,2018-11-26 17:53:14 -0500,2018-11-26 17:53:14 -0500
21742,,7463,2018-11-19 19:23:55 -0500,8,8,7,1,1.59,1.886,30.0,908553.66,0.0,2018-11-20 14:11:54 -0500,2,923,1,1,89.0,0.0,2018-11-26 17:53:14 -0500,2018-11-26 17:53:14 -0500
21743,,7464,2018-11-19 19:26:02 -0500,5,5,2,3,12.85,2.335,30.0,2607066.35,2932522.21,2018-11-20 14:11:54 -0500,2,923,1,1,77.0,0.0,2018-11-26 17:53:14 -0500,2018-11-26 17:53:14 -0500
21744,,7465,2018-11-19 19:26:05 -0500,8,8,7,1,1.59,1.257,20.0,908566.23,0.0,2018-11-20 14:11:54 -0500,2,923,1,1,90.0,0.0,2018-11-26 17:53:14 -0500,2018-11-26 17:53:14 -0500
21745,,7466,2018-11-19 19:26:14 -0500,1,1,2,2,12.85,0.778,10.0,282798.05,329041.01,2018-11-20 14:11:54 -0500,2,923,1,1,28.0,0.0,2018-11-26 17:53:14 -0500,2018-11-26 17:53:14 -0500
21746,,7467,2018-11-19 19:26:19 -0500,7,7,7,1,1.59,1.886,30.0,1028051.91,0.0,2018-11-20 14:11:54 -0500,2,923,1,1,87.0,0.0,2018-11-26 17:53:14 -0500,2018-11-26 17:53:14 -0500
21747,,7468,2018-11-19 19:27:20 -0500,3,3,2,2,12.85,0.623,8.0,77980.26,86548.73,2018-11-20 14:11:54 -0500,2,923,1,1,5.0,0.0,2018-11-26 17:53:14 -0500,2018-11-26 17:53:14 -0500
21748,,7469,2018-11-19 19:28:09 -0500,8,8,7,1,1.59,0.628,10.0,908572.51,0.0,2018-11-20 14:11:54 -0500,2,923,1,1,91.0,0.0,2018-11-26 17:53:14 -0500,2018-11-26 17:53:14 -0500
21749,,7470,2018-11-19 19:29:48 -0500,5,5,1,2,11.84,1.014,12.0,304509.0,368378.09,2018-11-20 14:11:54 -0500,2,923,1,1,78.0,0.0,2018-11-26 17:53:14 -0500,2018-11-26 17:53:14 -0500
21750,,7471,2018-11-19 19:31:57 -0500,7,7,7,1,1.59,0.994,15.9,1028061.85,0.0,2018-11-20 14:11:54 -0500,2,923,1,1,88.0,0.0,2018-11-26 17:53:14 -0500,2018-11-26 17:53:14 -0500
21751,,7472,2018-11-19 19:32:25 -0500,6,6,5,1,12.49,5.284,66.0,686488.11,880894.55,2018-11-20 14:11:54 -0500,2,923,1,1,14.0,0.0,2018-11-26 17:53:14 -0500,2018-11-26 17:53:14 -0500
21752,,7473,2018-11-19 19:33:44 -0500,1,1,5,1,12.49,8.005,99.98,1052707.98,1104806.86,2018-11-20 14:11:54 -0500,2,923,1,1,29.0,0.0,2018-11-26 17:53:14 -0500,2018-11-26 17:53:14 -0500
21753,,7474,2018-11-19 19:35:04 -0500,2,2,2,2,12.85,0.389,5.0,349111.72,404775.55,2018-11-20 14:11:54 -0500,2,923,1,1,73.0,0.0,2018-11-26 17:53:14 -0500,2018-11-26 17:53:14 -0500
21754,,7475,2018-11-19 19:36:13 -0500,4,4,2,2,12.85,0.778,10.0,77606.33,84652.66,2018-11-20 14:11:54 -0500,2,923,1,1,69.0,0.0,2018-11-26 17:53:14 -0500,2018-11-26 17:53:14 -0500
21755,,7476,2018-11-19 19:36:34 -0500,1,1,5,1,12.49,2.402,30.0,1052732.0,1104836.86,2018-11-20 14:11:54 -0500,2,923,1,1,30.0,0.0,2018-11-26 17:53:14 -0500,2018-11-26 17:53:14 -0500
21756,,7477,2018-11-19 19:36:49 -0500,8,8,7,1,1.59,4.5,71.6,908617.51,0.0,2018-11-20 14:11:54 -0500,2,923,1,1,92.0,0.0,2018-11-26 17:53:14 -0500,2018-11-26 17:53:14 -0500
21757,,7478,2018-11-19 19:40:13 -0500,2,2,5,1,12.49,8.006,100.0,782012.6,819774.18,2018-11-20 14:11:54 -0500,2,923,1,1,74.0,0.0,2018-11-26 17:53:14 -0500,2018-11-26 17:53:14 -0500
21758,,7479,2018-11-19 19:42:26 -0500,7,7,7,1,1.59,1.887,30.1,1028080.72,0.0,2018-11-20 14:11:54 -0500,2,923,1,1,89.0,0.0,2018-11-26 17:53:14 -0500,2018-11-26 17:53:14 -0500
21759,,7480,2018-11-19 19:42:58 -0500,4,4,2,2,12.85,0.195,2.5,77608.28,84655.16,2018-11-20 14:11:54 -0500,2,923,1,1,70.0,0.0,2018-11-26 17:53:14 -0500,2018-11-26 17:53:14 -0500
21760,,7481,2018-11-19 19:44:14 -0500,3,3,2,2,12.85,0.778,10.0,77988.04,86558.73,2018-11-20 14:11:54 -0500,2,923,1,1,6.0,0.0,2018-11-26 17:53:14 -0500,2018-11-26 17:53:14 -0500
21761,,7482,2018-11-19 19:46:16 -0500,1,1,5,1,12.49,4.003,50.0,1052772.03,1104886.86,2018-11-20 14:11:54 -0500,2,923,1,1,31.0,0.0,2018-11-26 17:53:14 -0500,2018-11-26 17:53:14 -0500
21762,,7483,2018-11-19 19:48:36 -0500,7,7,7,1,1.59,5.511,87.7,1028135.83,0.0,2018-11-20 14:11:54 -0500,2,923,1,1,90.0,0.0,2018-11-26 17:53:14 -0500,2018-11-26 17:53:14 -0500
21763,,7484,2018-11-19 19:49:13 -0500,8,8,7,1,1.59,1.257,20.0,908630.08,0.0,2018-11-20 14:11:54 -0500,2,923,1,1,93.0,0.0,2018-11-26 17:53:14 -0500,2018-11-26 17:53:14 -0500
21764,,7485,2018-11-19 19:49:37 -0500,8,8,7,1,1.59,0.352,5.6,908633.6,0.0,2018-11-20 14:11:54 -0500,2,923,1,1,94.0,0.0,2018-11-26 17:53:14 -0500,2018-11-26 17:53:14 -0500
21765,,7486,2018-11-19 19:51:08 -0500,5,5,2,3,12.85,0.778,10.0,2607074.13,2932532.21,2018-11-20 14:11:54 -0500,2,923,1,1,79.0,0.0,2018-11-26 17:53:14 -0500,2018-11-26 17:53:14 -0500
21766,,7487,2018-11-19 20:02:04 -0500,7,7,7,1,1.59,0.791,12.6,1028143.74,0.0,2018-11-20 14:11:54 -0500,2,923,1,1,91.0,0.0,2018-11-26 17:53:14 -0500,2018-11-26 17:53:14 -0500
21767,,7488,2018-11-19 20:02:21 -0500,3,3,3,3,14.85,1.347,20.0,85144.49,102336.24,2018-11-20 14:11:54 -0500,2,923,1,1,7.0,0.0,2018-11-26 17:53:14 -0500,2018-11-26 17:53:14 -0500
21768,,7489,2018-11-19 20:03:00 -0500,8,8,7,1,1.59,1.867,29.7,908652.27,0.0,2018-11-20 14:11:54 -0500,2,923,1,1,95.0,0.0,2018-11-26 17:53:14 -0500,2018-11-26 17:53:14 -0500
21769,,7490,2018-11-19 20:04:59 -0500,7,7,7,1,1.59,1.886,30.0,1028162.6,0.0,2018-11-20 14:11:54 -0500,2,923,1,1,92.0,0.0,2018-11-26 17:53:14 -0500,2018-11-26 17:53:14 -0500
21770,,7491,2018-11-19 20:07:11 -0500,2,2,5,1,12.49,14.811,184.99,782160.71,819959.17,2018-11-20 14:11:54 -0500,2,923,1,1,75.0,0.0,2018-11-26 17:53:14 -0500,2018-11-26 17:53:14 -0500
21771,,7492,2018-11-19 20:07:21 -0500,7,7,7,1,1.59,1.257,20.0,1028175.17,0.0,2018-11-20 14:11:54 -0500,2,923,1,1,93.0,0.0,2018-11-26 17:53:14 -0500,2018-11-26 17:53:14 -0500
21772,,7493,2018-11-19 20:07:55 -0500,8,8,7,1,1.59,0.943,15.0,908661.7,0.0,2018-11-20 14:11:54 -0500,2,923,1,1,96.0,0.0,2018-11-26 17:53:14 -0500,2018-11-26 17:53:14 -0500
21773,,7494,2018-11-19 20:10:38 -0500,8,8,7,1,1.59,2.231,35.5,908684.01,0.0,2018-11-20 14:11:54 -0500,2,923,1,1,97.0,0.0,2018-11-26 17:53:14 -0500,2018-11-26 17:53:14 -0500
21774,,7495,2018-11-19 20:15:19 -0500,7,7,7,1,1.59,0.628,10.0,1028181.45,0.0,2018-11-20 14:11:54 -0500,2,923,1,1,94.0,0.0,2018-11-26 17:53:14 -0500,2018-11-26 17:53:14 -0500
21775,,7496,2018-11-19 20:24:09 -0500,1,1,3,3,14.85,1.347,20.0,211732.81,281029.88,2018-11-20 14:11:54 -0500,2,923,1,1,32.0,0.0,2018-11-26 17:53:14 -0500,2018-11-26 17:53:14 -0500
21776,,7497,2018-11-19 20:26:23 -0500,3,3,5,1,12.49,8.006,100.0,311340.79,301972.9,2018-11-20 14:11:54 -0500,2,923,1,1,8.0,0.0,2018-11-26 17:53:14 -0500,2018-11-26 17:53:14 -0500
21777,,7498,2018-11-19 20:26:48 -0500,8,8,7,1,1.59,0.641,10.2,908690.42,0.0,2018-11-20 14:11:54 -0500,2,923,1,1,98.0,0.0,2018-11-26 17:53:14 -0500,2018-11-26 17:53:14 -0500
21778,,7499,2018-11-19 20:29:09 -0500,1,1,3,3,14.85,2.02,30.0,211753.01,281059.88,2018-11-20 14:11:54 -0500,2,923,1,1,33.0,0.0,2018-11-26 17:53:14 -0500,2018-11-26 17:53:14 -0500
21779,,7500,2018-11-19 20:31:23 -0500,8,8,7,1,1.59,2.201,35.0,908712.43,0.0,2018-11-20 14:11:54 -0500,2,923,1,1,99.0,0.0,2018-11-26 17:53:14 -0500,2018-11-26 17:53:14 -0500
21780,,7501,2018-11-19 20:42:35 -0500,8,8,7,1,1.59,2.409,38.4,908736.53,0.0,2018-11-20 14:11:54 -0500,2,923,1,1,1.0,0.0,2018-11-26 17:53:14 -0500,2018-11-26 17:53:14 -0500
21781,,7502,2018-11-19 20:45:05 -0500,3,3,3,3,14.85,0.673,10.0,85151.22,102346.24,2018-11-20 14:11:54 -0500,2,923,1,1,9.0,0.0,2018-11-26 17:53:14 -0500,2018-11-26 17:53:14 -0500
21782,,7503,2018-11-19 20:52:18 -0500,7,7,7,1,1.59,1.257,20.0,1028208.168,0.0,2018-11-20 14:11:54 -0500,2,923,1,1,95.0,0.0,2018-11-26 17:53:14 -0500,2018-11-26 17:53:14 -0500
21783,,7504,2018-11-19 20:52:20 -0500,8,8,7,1,1.59,1.537,24.5,908751.9,0.0,2018-11-20 14:11:54 -0500,2,923,1,1,2.0,0.0,2018-11-26 17:53:14 -0500,2018-11-26 17:53:14 -0500
21784,,7505,2018-11-19 20:55:42 -0500,1,1,2,2,12.85,0.778,10.0,282805.83,329051.01,2018-11-20 14:11:54 -0500,2,923,1,1,34.0,0.0,2018-11-26 17:53:14 -0500,2018-11-26 17:53:14 -0500
21785,,7506,2018-11-19 21:02:19 -0500,2,2,2,2,12.85,1.556,20.0,349127.28,404795.55,2018-11-20 14:11:54 -0500,2,923,1,1,76.0,0.0,2018-11-26 17:53:14 -0500,2018-11-26 17:53:14 -0500
21786,,7507,2018-11-19 21:08:11 -0500,7,7,7,1,1.59,1.572,25.0,1028209.74,0.0,2018-11-20 14:11:54 -0500,2,923,1,1,96.0,0.0,2018-11-26 17:53:14 -0500,2018-11-26 17:53:14 -0500
21787,,7508,2018-11-19 21:09:39 -0500,1,1,3,3,14.85,2.02,30.0,211773.21,281089.88,2018-11-20 14:11:54 -0500,2,923,1,1,35.0,0.0,2018-11-26 17:53:14 -0500,2018-11-26 17:53:14 -0500
21788,,7509,2018-11-19 21:13:08 -0500,3,3,2,2,12.85,1.556,20.0,78003.6,86578.73,2018-11-20 14:11:54 -0500,2,923,1,1,10.0,0.0,2018-11-26 17:53:14 -0500,2018-11-26 17:53:14 -0500
21789,,7510,2018-11-19 21:14:57 -0500,7,7,7,1,1.59,1.257,20.0,1028222.31,0.0,2018-11-20 14:11:54 -0500,2,923,1,1,97.0,0.0,2018-11-26 17:53:14 -0500,2018-11-26 17:53:14 -0500
21790,,7511,2018-11-19 21:16:49 -0500,4,4,3,3,14.85,0.673,10.0,71048.66,86460.71,2018-11-20 14:11:54 -0500,2,923,1,1,71.0,0.0,2018-11-26 17:53:14 -0500,2018-11-26 17:53:14 -0500
21791,,7512,2018-11-19 21:17:05 -0500,7,7,7,1,1.59,0.566,9.0,1028227.97,0.0,2018-11-20 14:11:54 -0500,2,923,1,1,98.0,0.0,2018-11-26 17:53:14 -0500,2018-11-26 17:53:14 -0500
21792,,7513,2018-11-19 21:17:41 -0500,8,8,7,1,1.59,3.147,50.1,908783.37,0.0,2018-11-20 14:11:54 -0500,2,923,1,1,3.0,0.0,2018-11-26 17:53:14 -0500,2018-11-26 17:53:14 -0500
21793,,7514,2018-11-19 21:17:50 -0500,1,1,4,4,15.59,0.962,15.0,73043.37,103750.68,2018-11-20 14:11:54 -0500,2,923,1,1,36.0,0.0,2018-11-26 17:53:14 -0500,2018-11-26 17:53:14 -0500
21794,,7515,2018-11-19 21:18:18 -0500,7,7,7,1,1.59,0.024,0.4,1028228.21,0.0,2018-11-20 14:11:54 -0500,2,923,1,1,99.0,0.0,2018-11-26 17:53:14 -0500,2018-11-26 17:53:14 -0500
21795,,7516,2018-11-19 21:18:51 -0500,2,2,2,2,12.85,0.778,10.0,349135.06,404805.55,2018-11-20 14:11:54 -0500,2,923,1,1,77.0,0.0,2018-11-26 17:53:14 -0500,2018-11-26 17:53:14 -0500
21796,,7517,2018-11-19 21:19:48 -0500,7,7,7,1,1.59,0.019,0.4,1028228.4,0.0,2018-11-20 14:11:54 -0500,2,923,1,1,1.0,0.0,2018-11-26 17:53:14 -0500,2018-11-26 17:53:14 -0500
21797,,7518,2018-11-19 21:25:43 -0500,8,8,7,1,1.59,3.565,56.7,908819.02,0.0,2018-11-20 14:11:54 -0500,2,923,1,1,4.0,0.0,2018-11-26 17:53:14 -0500,2018-11-26 17:53:14 -0500
21798,,7519,2018-11-19 21:27:40 -0500,7,7,7,1,1.59,1.467,23.4,1028243.07,0.0,2018-11-20 14:11:54 -0500,2,923,1,1,2.0,0.0,2018-11-26 17:53:14 -0500,2018-11-26 17:53:14 -0500
21799,,7520,2018-11-19 21:29:10 -0500,1,1,5,1,12.49,2.402,30.0,1052796.05,1104916.86,2018-11-20 14:11:54 -0500,2,923,1,1,37.0,0.0,2018-11-26 17:53:14 -0500,2018-11-26 17:53:14 -0500
21800,,7521,2018-11-19 21:30:17 -0500,3,3,2,2,12.85,0.778,10.0,78011.38,86588.73,2018-11-20 14:11:54 -0500,2,923,1,1,11.0,0.0,2018-11-26 17:53:14 -0500,2018-11-26 17:53:14 -0500
21801,,7522,2018-11-19 21:31:34 -0500,3,3,2,2,12.85,0.389,5.0,78015.27,86593.73,2018-11-20 14:11:54 -0500,2,923,1,1,12.0,0.0,2018-11-26 17:53:14 -0500,2018-11-26 17:53:14 -0500
21802,,7523,2018-11-19 21:33:07 -0500,8,8,7,1,1.59,1.257,20.0,908831.59,0.0,2018-11-20 14:11:54 -0500,2,923,1,1,5.0,0.0,2018-11-26 17:53:14 -0500,2018-11-26 17:53:14 -0500
21803,,7524,2018-11-19 21:35:29 -0500,3,3,2,2,12.85,1.051,13.5,78025.78,86607.23,2018-11-20 14:11:54 -0500,2,923,1,1,13.0,0.0,2018-11-26 17:53:14 -0500,2018-11-26 17:53:14 -0500
21804,,7525,2018-11-19 21:46:37 -0500,5,5,1,2,11.84,0.507,6.0,304514.07,368384.09,2018-11-20 14:11:54 -0500,2,923,1,1,80.0,0.0,2018-11-26 17:53:14 -0500,2018-11-26 17:53:14 -0500
21805,,7526,2018-11-19 21:47:25 -0500,8,8,7,1,1.59,1.073,17.1,908842.32,0.0,2018-11-20 14:11:54 -0500,2,923,1,1,6.0,0.0,2018-11-26 17:53:14 -0500,2018-11-26 17:53:14 -0500
21806,,7527,2018-11-19 21:48:53 -0500,1,1,5,1,12.49,5.204,65.0,1052848.09,1104981.86,2018-11-20 14:11:54 -0500,2,923,1,1,38.0,0.0,2018-11-26 17:53:14 -0500,2018-11-26 17:53:14 -0500
21807,,7528,2018-11-19 21:55:36 -0500,7,7,7,1,1.59,0.844,13.5,1028251.51,0.0,2018-11-20 14:11:54 -0500,2,923,1,1,3.0,0.0,2018-11-26 17:53:14 -0500,2018-11-26 17:53:14 -0500
21808,,7529,2018-11-19 21:56:21 -0500,1,1,5,1,12.49,6.406,80.01,1052912.15,1105061.87,2018-11-20 14:11:54 -0500,2,923,1,1,39.0,0.0,2018-11-26 17:53:14 -0500,2018-11-26 17:53:14 -0500
21809,,7530,2018-11-19 21:58:37 -0500,7,7,7,1,1.59,1.257,20.0,1028264.08,0.0,2018-11-20 14:11:54 -0500,2,923,1,1,4.0,0.0,2018-11-26 17:53:14 -0500,2018-11-26 17:53:14 -0500
21810,,7531,2018-11-19 22:01:21 -0500,4,4,2,2,12.85,0.389,5.0,77612.17,84660.16,2018-11-20 14:11:54 -0500,3,923,1,1,72.0,0.0,2018-11-26 17:53:14 -0500,2018-11-26 17:53:14 -0500
21811,,7532,2018-11-19 22:11:33 -0500,1,1,2,2,12.85,1.556,20.0,282821.39,329071.01,2018-11-20 14:11:54 -0500,3,923,1,1,40.0,0.0,2018-11-26 17:53:14 -0500,2018-11-26 17:53:14 -0500
21812,,7533,2018-11-19 22:12:28 -0500,2,2,5,1,12.49,0.801,10.0,782168.72,819969.17,2018-11-20 14:11:54 -0500,3,923,1,1,78.0,0.0,2018-11-26 17:53:14 -0500,2018-11-26 17:53:14 -0500
21813,,7534,2018-11-19 22:13:04 -0500,1,1,2,2,12.85,1.556,20.0,282836.95,329091.01,2018-11-20 14:11:54 -0500,3,923,1,1,41.0,0.0,2018-11-26 17:53:14 -0500,2018-11-26 17:53:14 -0500
21814,,7535,2018-11-19 22:15:16 -0500,1,1,3,3,14.85,3.367,50.0,211806.88,281139.88,2018-11-20 14:11:54 -0500,3,923,1,1,42.0,0.0,2018-11-26 17:53:14 -0500,2018-11-26 17:53:14 -0500
21815,,7536,2018-11-19 22:17:59 -0500,7,7,7,1,1.59,3.028,48.2,1028294.36,0.0,2018-11-20 14:11:54 -0500,3,923,1,1,5.0,0.0,2018-11-26 17:53:14 -0500,2018-11-26 17:53:14 -0500
21816,,7537,2018-11-19 22:19:38 -0500,4,4,3,3,14.85,0.673,10.0,71055.39,86470.71,2018-11-20 14:11:54 -0500,3,923,1,1,73.0,0.0,2018-11-26 17:53:14 -0500,2018-11-26 17:53:14 -0500
21817,,7538,2018-11-19 22:22:41 -0500,8,8,7,1,1.59,1.901,30.3,908861.33,0.0,2018-11-20 14:11:54 -0500,3,923,1,1,7.0,0.0,2018-11-26 17:53:14 -0500,2018-11-26 17:53:14 -0500
21818,,7539,2018-11-19 22:32:13 -0500,4,4,3,3,14.85,1.01,15.0,71065.49,86485.71,2018-11-20 14:11:54 -0500,3,923,1,1,74.0,0.0,2018-11-26 17:53:14 -0500,2018-11-26 17:53:14 -0500
21819,,7540,2018-11-19 22:41:26 -0500,8,8,7,1,1.59,1.132,18.0,908872.65,0.0,2018-11-20 14:11:54 -0500,3,923,1,1,8.0,0.0,2018-11-26 17:53:14 -0500,2018-11-26 17:53:14 -0500
21820,,7541,2018-11-19 22:42:40 -0500,4,4,5,1,12.49,3.203,40.0,415628.13,396789.33,2018-11-20 14:11:54 -0500,3,923,1,1,75.0,0.0,2018-11-26 17:53:14 -0500,2018-11-26 17:53:14 -0500
21821,,7542,2018-11-19 22:42:44 -0500,7,7,7,1,1.59,0.628,10.0,1028300.64,0.0,2018-11-20 14:11:54 -0500,3,923,1,1,6.0,0.0,2018-11-26 17:53:14 -0500,2018-11-26 17:53:14 -0500
21822,,7543,2018-11-19 22:44:01 -0500,1,1,5,1,12.49,2.402,30.0,1052936.17,1105091.87,2018-11-20 14:11:54 -0500,3,923,1,1,43.0,0.0,2018-11-26 17:53:14 -0500,2018-11-26 17:53:14 -0500
21823,,7544,2018-11-19 22:53:19 -0500,7,7,7,1,1.59,0.628,10.0,1028306.92,0.0,2018-11-20 14:11:54 -0500,3,923,1,1,7.0,0.0,2018-11-26 17:53:14 -0500,2018-11-26 17:53:14 -0500
21824,,7545,2018-11-19 22:53:37 -0500,2,2,5,1,12.49,4.804,60.0,782216.76,820029.17,2018-11-20 14:11:54 -0500,3,923,1,1,79.0,0.0,2018-11-26 17:53:14 -0500,2018-11-26 17:53:14 -0500
21825,,7546,2018-11-19 22:56:25 -0500,1,1,3,3,14.85,0.337,5.0,211810.25,281144.88,2018-11-20 14:11:54 -0500,3,923,1,1,44.0,0.0,2018-11-26 17:53:14 -0500,2018-11-26 17:53:14 -0500
21826,,7547,2018-11-19 22:57:59 -0500,1,1,4,4,15.59,1.026,16.0,73053.63,103766.68,2018-11-20 14:11:54 -0500,3,923,1,1,45.0,0.0,2018-11-26 17:53:14 -0500,2018-11-26 17:53:14 -0500
21827,,7548,2018-11-19 22:58:24 -0500,2,2,5,1,12.49,1.601,20.0,782232.77,820049.17,2018-11-20 14:11:54 -0500,3,923,1,1,80.0,0.0,2018-11-26 17:53:14 -0500,2018-11-26 17:53:14 -0500
21828,,7549,2018-11-19 23:10:48 -0500,8,8,7,1,1.59,0.628,10.0,908878.93,0.0,2018-11-20 14:11:54 -0500,3,923,1,1,9.0,0.0,2018-11-26 17:53:14 -0500,2018-11-26 17:53:14 -0500
21829,,7550,2018-11-19 23:19:21 -0500,4,4,2,2,12.85,0.778,10.0,77619.95,84670.16,2018-11-20 14:11:54 -0500,3,923,1,1,76.0,0.0,2018-11-26 17:53:15 -0500,2018-11-26 17:53:15 -0500
21830,,7551,2018-11-19 23:27:43 -0500,3,3,5,1,12.49,1.601,20.0,311356.8,301992.9,2018-11-20 14:11:54 -0500,3,923,1,1,14.0,0.0,2018-11-26 17:53:15 -0500,2018-11-26 17:53:15 -0500
21831,,7552,2018-11-19 23:29:18 -0500,2,2,2,2,12.85,0.389,5.0,349138.95,404810.55,2018-11-20 14:11:54 -0500,3,923,1,1,81.0,0.0,2018-11-26 17:53:15 -0500,2018-11-26 17:53:15 -0500
21832,,7553,2018-11-19 23:31:59 -0500,5,5,2,3,12.85,0.156,2.0,2607075.69,2932534.21,2018-11-20 14:11:54 -0500,3,923,1,1,81.0,0.0,2018-11-26 17:53:15 -0500,2018-11-26 17:53:15 -0500
21833,,7554,2018-11-19 23:34:12 -0500,5,5,5,1,12.49,1.601,20.0,936101.48,1198268.31,2018-11-20 14:11:54 -0500,3,923,1,1,82.0,0.0,2018-11-26 17:53:15 -0500,2018-11-26 17:53:15 -0500
21401,,7122,2018-11-19 00:27:46 -0500,8,8,7,1,1.59,0.437,7.0,907649.83,0.0,2018-11-20 14:11:54 -0500,3,923,1,1,14.0,0.0,2018-11-26 17:53:08 -0500,2018-11-26 17:53:08 -0500
21402,,7123,2018-11-19 00:29:23 -0500,5,5,2,3,12.85,0.078,1.0,2606967.52,2932395.21,2018-11-20 14:11:54 -0500,3,923,1,1,60.0,0.0,2018-11-26 17:53:08 -0500,2018-11-26 17:53:08 -0500
21403,,7124,2018-11-19 00:30:47 -0500,5,5,1,2,11.84,0.253,3.0,304446.78,368304.44,2018-11-20 14:11:54 -0500,3,923,1,1,61.0,0.0,2018-11-26 17:53:08 -0500,2018-11-26 17:53:08 -0500
21404,,7125,2018-11-19 00:33:24 -0500,8,8,7,1,1.59,2.333,37.1,907673.16,0.0,2018-11-20 14:11:54 -0500,3,923,1,1,15.0,0.0,2018-11-26 17:53:08 -0500,2018-11-26 17:53:08 -0500
21405,,7126,2018-11-19 00:57:22 -0500,2,2,5,1,12.49,9.247,115.5,781272.0,818849.17,2018-11-20 14:11:54 -0500,3,923,1,1,41.0,0.0,2018-11-26 17:53:08 -0500,2018-11-26 17:53:08 -0500
21406,,7127,2018-11-19 01:05:33 -0500,3,3,5,1,12.49,8.647,108.0,309739.52,299972.9,2018-11-20 14:11:54 -0500,3,923,1,1,53.0,0.0,2018-11-26 17:53:08 -0500,2018-11-26 17:53:08 -0500
21407,,7128,2018-11-19 01:41:33 -0500,1,1,5,1,12.49,2.722,34.0,1050868.19,1102508.94,2018-11-20 14:11:54 -0500,3,923,1,1,74.0,0.0,2018-11-26 17:53:08 -0500,2018-11-26 17:53:08 -0500
21408,,7129,2018-11-19 02:10:53 -0500,7,7,7,1,1.59,1.257,20.0,1026788.0,0.0,2018-11-20 14:11:54 -0500,3,923,1,1,6.0,0.0,2018-11-26 17:53:08 -0500,2018-11-26 17:53:08 -0500
21409,,7130,2018-11-19 02:17:24 -0500,7,7,7,1,1.59,1.253,20.0,1026800.53,0.0,2018-11-20 14:11:54 -0500,3,923,1,1,7.0,0.0,2018-11-26 17:53:08 -0500,2018-11-26 17:53:08 -0500
21410,,7131,2018-11-19 03:15:36 -0500,7,7,7,1,1.59,1.755,28.0,1026818.08,0.0,2018-11-20 14:11:54 -0500,3,923,1,1,8.0,0.0,2018-11-26 17:53:08 -0500,2018-11-26 17:53:08 -0500
21411,,7132,2018-11-19 03:17:47 -0500,4,4,2,2,12.85,0.778,10.0,77500.13,84516.16,2018-11-20 14:11:54 -0500,3,923,1,1,33.0,0.0,2018-11-26 17:53:08 -0500,2018-11-26 17:53:08 -0500
21412,,7133,2018-11-19 03:39:08 -0500,1,1,2,2,12.85,1.247,16.02,282484.94,328638.63,2018-11-20 14:11:54 -0500,3,923,1,1,75.0,0.0,2018-11-26 17:53:08 -0500,2018-11-26 17:53:08 -0500
21413,,7134,2018-11-19 03:44:46 -0500,8,8,7,1,1.59,0.943,15.0,907682.59,0.0,2018-11-20 14:11:54 -0500,3,923,1,1,16.0,0.0,2018-11-26 17:53:08 -0500,2018-11-26 17:53:08 -0500
21414,,7135,2018-11-19 03:49:47 -0500,8,8,7,1,1.59,0.04,0.7,907682.99,0.0,2018-11-20 14:11:54 -0500,3,923,1,1,17.0,0.0,2018-11-26 17:53:08 -0500,2018-11-26 17:53:08 -0500
21415,,7136,2018-11-19 03:53:56 -0500,8,8,7,1,1.59,1.257,20.0,907695.56,0.0,2018-11-20 14:11:54 -0500,3,923,1,1,18.0,0.0,2018-11-26 17:53:08 -0500,2018-11-26 17:53:08 -0500
21416,,7137,2018-11-19 03:55:02 -0500,7,7,7,1,1.59,3.015,48.0,1026848.23,0.0,2018-11-20 14:11:54 -0500,3,923,1,1,9.0,0.0,2018-11-26 17:53:08 -0500,2018-11-26 17:53:08 -0500
21417,,7138,2018-11-19 03:56:31 -0500,8,8,7,1,1.59,1.919,30.6,907714.75,0.0,2018-11-20 14:11:54 -0500,3,923,1,1,19.0,0.0,2018-11-26 17:53:08 -0500,2018-11-26 17:53:08 -0500
21418,,7139,2018-11-19 03:56:52 -0500,7,7,7,1,1.59,0.314,5.0,1026851.37,0.0,2018-11-20 14:11:54 -0500,3,923,1,1,10.0,0.0,2018-11-26 17:53:08 -0500,2018-11-26 17:53:08 -0500
21419,,7140,2018-11-19 04:18:37 -0500,4,4,3,3,14.85,3.03,45.0,70827.11,86131.71,2018-11-20 14:11:54 -0500,3,923,1,1,34.0,0.0,2018-11-26 17:53:08 -0500,2018-11-26 17:53:08 -0500
21420,,7141,2018-11-19 04:26:16 -0500,7,7,7,1,1.59,2.515,40.0,1026876.52,0.0,2018-11-20 14:11:54 -0500,3,923,1,1,11.0,0.0,2018-11-26 17:53:08 -0500,2018-11-26 17:53:08 -0500
